<?xml version='1.0' encoding='UTF-8' standalone='yes'?>
<alto xmlns:xsi="http://www.w3.org/2001/XMLSchema-instance" xmlns="http://www.loc.gov/standards/alto/ns-v4#" xsi:schemaLocation="http://www.loc.gov/standards/alto/ns-v4# http://www.loc.gov/standards/alto/v4/alto-4-2.xsd" SCHEMAVERSION="4.2">
  <Description>
    <MeasurementUnit>pixel</MeasurementUnit>
    <sourceImageInformation>
      <fileName>FILE_0012_ORIGINAL.jpg</fileName>
    </sourceImageInformation>
    <Processing ID="ocrd-tesserocr-recognize-0">
      <processingStepDescription>layout/segmentation/region</processingStepDescription>
      <processingStepSettings>{"segmentation_level": "region", "model": "frak2021", "dpi": "0", "padding": "0", "textequiv_level": "word", "overwrite_segments": "False", "overwrite_text": "True", "shrink_polygons": "False", "block_polygons": "False", "find_tables": "True", "find_staves": "False", "sparse_text": "False", "raw_lines": "False", "char_whitelist": "", "char_blacklist": "", "char_unblacklist": "", "tesseract_parameters": "{}", "xpath_parameters": "{}", "xpath_model": "{}", "auto_model": "False", "oem": "DEFAULT"}</processingStepSettings>
      <processingSoftware>
        <softwareName>ocrd-tesserocr-recognize</softwareName>
      </processingSoftware>
    </Processing>
  </Description>
  <Styles/>
  <Tags/>
  <Layout>
    <Page ID="OCR-D-OCR_0003" PHYSICAL_IMG_NR="0" WIDTH="1107" HEIGHT="1845">
      <PrintSpace VPOS="0" HPOS="0" HEIGHT="1845" WIDTH="1107">
        <Illustration ID="region0000" HEIGHT="36" WIDTH="880" HPOS="0" VPOS="1650" IDNEXT="region0001">
          <Shape>
            <Polygon POINTS="0,1650 880,1650 880,1686 0,1686"/>
          </Shape>
        </Illustration>
        <Illustration ID="region0001" HEIGHT="117" WIDTH="1107" HPOS="0" VPOS="0" IDNEXT="region0002">
          <Shape>
            <Polygon POINTS="0,0 1107,0 1107,117 0,117"/>
          </Shape>
        </Illustration>
        <Illustration ID="region0004" HEIGHT="75" WIDTH="349" HPOS="758" VPOS="90" IDNEXT="region0006">
          <Shape>
            <Polygon POINTS="758,90 1107,90 1107,165 758,165"/>
          </Shape>
        </Illustration>
        <Illustration ID="region0006" HEIGHT="195" WIDTH="1107" HPOS="0" VPOS="1650">
          <Shape>
            <Polygon POINTS="0,1650 1107,1650 1107,1845 0,1845"/>
          </Shape>
        </Illustration>
        <GraphicalElement ID="region0003" HEIGHT="13" WIDTH="750" HPOS="275" VPOS="182">
          <Shape>
            <Polygon POINTS="275,182 1025,182 1025,195 275,195"/>
          </Shape>
        </GraphicalElement>
        <GraphicalElement ID="region0005" HEIGHT="798" WIDTH="16" HPOS="1070" VPOS="53">
          <Shape>
            <Polygon POINTS="1070,53 1086,53 1086,851 1070,851"/>
          </Shape>
        </GraphicalElement>
        <TextBlock ID="region0002" HEIGHT="1546" WIDTH="772" HPOS="254" VPOS="120" IDNEXT="region0004">
          <Shape>
            <Polygon POINTS="254,120 1026,120 1026,1666 254,1666"/>
          </Shape>
          <TextLine ID="region0002_line0000" HEIGHT="60" WIDTH="490" HPOS="268" VPOS="120">
            <Shape>
              <Polygon POINTS="268,120 758,120 758,180 268,180"/>
            </Shape>
            <String ID="region0002_line0000_word0000" HEIGHT="30" WIDTH="45" HPOS="268" VPOS="132" CONTENT="10">
              <Shape>
                <Polygon POINTS="268,132 313,132 313,162 268,162"/>
              </Shape>
            </String>
            <SP/>
            <String ID="region0002_line0000_word0001" HEIGHT="58" WIDTH="58" HPOS="558" VPOS="120" CONTENT="E.">
              <Shape>
                <Polygon POINTS="558,120 616,120 616,178 558,178"/>
              </Shape>
            </String>
          </TextLine>
          <TextLine ID="region0002_line0001" HEIGHT="61" WIDTH="759" HPOS="267" VPOS="195">
            <Shape>
              <Polygon POINTS="267,195 1026,195 1026,256 267,256"/>
            </Shape>
            <String ID="region0002_line0001_word0000" HEIGHT="43" WIDTH="247" HPOS="267" VPOS="195" CONTENT="immanium">
              <Shape>
                <Polygon POINTS="267,195 514,195 514,238 267,238"/>
              </Shape>
            </String>
            <SP/>
            <String ID="region0002_line0001_word0001" HEIGHT="45" WIDTH="177" HPOS="533" VPOS="196" CONTENT="ferarum">
              <Shape>
                <Polygon POINTS="533,196 710,196 710,241 533,241"/>
              </Shape>
            </String>
            <SP/>
            <String ID="region0002_line0001_word0002" HEIGHT="53" WIDTH="117" HPOS="739" VPOS="203" CONTENT="plena">
              <Shape>
                <Polygon POINTS="739,203 856,203 856,256 739,256"/>
              </Shape>
            </String>
            <SP/>
            <String ID="region0002_line0001_word0003" HEIGHT="44" WIDTH="151" HPOS="875" VPOS="200" CONTENT="defice-">
              <Shape>
                <Polygon POINTS="875,200 1026,200 1026,244 875,244"/>
              </Shape>
            </String>
          </TextLine>
          <TextLine ID="region0002_line0002" HEIGHT="62" WIDTH="756" HPOS="267" VPOS="253">
            <Shape>
              <Polygon POINTS="267,253 1023,253 1023,315 267,315"/>
            </Shape>
            <String ID="region0002_line0002_word0000" HEIGHT="34" WIDTH="159" HPOS="267" VPOS="262" CONTENT="remus,">
              <Shape>
                <Polygon POINTS="267,262 426,262 426,296 267,296"/>
              </Shape>
            </String>
            <SP/>
            <String ID="region0002_line0002_word0001" HEIGHT="43" WIDTH="167" HPOS="446" VPOS="253" CONTENT="ſalutare">
              <Shape>
                <Polygon POINTS="446,253 613,253 613,296 446,296"/>
              </Shape>
            </String>
            <SP/>
            <String ID="region0002_line0002_word0002" HEIGHT="53" WIDTH="211" HPOS="632" VPOS="256" CONTENT="pabulum,">
              <Shape>
                <Polygon POINTS="632,256 843,256 843,309 632,309"/>
              </Shape>
            </String>
            <SP/>
            <String ID="region0002_line0002_word0003" HEIGHT="41" WIDTH="25" HPOS="863" VPOS="260" CONTENT="&amp;">
              <Shape>
                <Polygon POINTS="863,260 888,260 888,301 863,301"/>
              </Shape>
            </String>
            <SP/>
            <String ID="region0002_line0002_word0004" HEIGHT="57" WIDTH="111" HPOS="912" VPOS="258" CONTENT="quaſi">
              <Shape>
                <Polygon POINTS="912,258 1023,258 1023,315 912,315"/>
              </Shape>
            </String>
          </TextLine>
          <TextLine ID="region0002_line0003" HEIGHT="58" WIDTH="761" HPOS="265" VPOS="308">
            <Shape>
              <Polygon POINTS="265,308 1026,308 1026,366 265,366"/>
            </Shape>
            <String ID="region0002_line0003_word0000" HEIGHT="45" WIDTH="233" HPOS="265" VPOS="308" CONTENT="antidotum">
              <Shape>
                <Polygon POINTS="265,308 498,308 498,353 265,353"/>
              </Shape>
            </String>
            <SP/>
            <String ID="region0002_line0003_word0001" HEIGHT="53" WIDTH="360" HPOS="523" VPOS="313" CONTENT="praeſentiſſimum">
              <Shape>
                <Polygon POINTS="523,313 883,313 883,366 523,366"/>
              </Shape>
            </String>
            <SP/>
            <String ID="region0002_line0003_word0002" HEIGHT="42" WIDTH="123" HPOS="903" VPOS="316" CONTENT="nobis">
              <Shape>
                <Polygon POINTS="903,316 1026,316 1026,358 903,358"/>
              </Shape>
            </String>
          </TextLine>
          <TextLine ID="region0002_line0004" HEIGHT="63" WIDTH="758" HPOS="265" VPOS="363">
            <Shape>
              <Polygon POINTS="265,363 1023,363 1023,426 265,426"/>
            </Shape>
            <String ID="region0002_line0004_word0000" HEIGHT="43" WIDTH="82" HPOS="265" VPOS="363" CONTENT="ſeiſe">
              <Shape>
                <Polygon POINTS="265,363 347,363 347,406 265,406"/>
              </Shape>
            </String>
            <SP/>
            <String ID="region0002_line0004_word0001" HEIGHT="53" WIDTH="129" HPOS="366" VPOS="368" CONTENT="ipſum">
              <Shape>
                <Polygon POINTS="366,368 495,368 495,421 366,421"/>
              </Shape>
            </String>
            <SP/>
            <String ID="region0002_line0004_word0002" HEIGHT="52" WIDTH="251" HPOS="509" VPOS="373" CONTENT="propinavit:">
              <Shape>
                <Polygon POINTS="509,373 760,373 760,425 509,425"/>
              </Shape>
            </String>
            <SP/>
            <String ID="region0002_line0004_word0003" HEIGHT="57" WIDTH="117" HPOS="779" VPOS="368" CONTENT="cujus">
              <Shape>
                <Polygon POINTS="779,368 896,368 896,425 779,425"/>
              </Shape>
            </String>
            <SP/>
            <String ID="region0002_line0004_word0004" HEIGHT="42" WIDTH="117" HPOS="906" VPOS="384" CONTENT="prae-">
              <Shape>
                <Polygon POINTS="906,384 1023,384 1023,426 906,426"/>
              </Shape>
            </String>
          </TextLine>
          <TextLine ID="region0002_line0005" HEIGHT="53" WIDTH="759" HPOS="265" VPOS="420">
            <Shape>
              <Polygon POINTS="265,420 1024,420 1024,473 265,473"/>
            </Shape>
            <String ID="region0002_line0005_word0000" HEIGHT="43" WIDTH="103" HPOS="265" VPOS="420" CONTENT="ſidio">
              <Shape>
                <Polygon POINTS="265,420 368,420 368,463 265,463"/>
              </Shape>
            </String>
            <SP/>
            <String ID="region0002_line0005_word0001" HEIGHT="50" WIDTH="107" HPOS="387" VPOS="423" CONTENT="freti,">
              <Shape>
                <Polygon POINTS="387,423 494,423 494,473 387,473"/>
              </Shape>
            </String>
            <SP/>
            <String ID="region0002_line0005_word0002" HEIGHT="31" WIDTH="86" HPOS="540" VPOS="438" CONTENT="non">
              <Shape>
                <Polygon POINTS="540,438 626,438 626,469 540,469"/>
              </Shape>
            </String>
            <SP/>
            <String ID="region0002_line0005_word0003" HEIGHT="41" WIDTH="128" HPOS="636" VPOS="429" CONTENT="ſolum">
              <Shape>
                <Polygon POINTS="636,429 764,429 764,470 636,470"/>
              </Shape>
            </String>
            <SP/>
            <String ID="region0002_line0005_word0004" HEIGHT="44" WIDTH="248" HPOS="776" VPOS="428" CONTENT="incolumes.">
              <Shape>
                <Polygon POINTS="776,428 1024,428 1024,472 776,472"/>
              </Shape>
            </String>
          </TextLine>
          <TextLine ID="region0002_line0006" HEIGHT="65" WIDTH="761" HPOS="264" VPOS="476">
            <Shape>
              <Polygon POINTS="264,476 1025,476 1025,541 264,541"/>
            </Shape>
            <String ID="region0002_line0006_word0000" HEIGHT="43" WIDTH="72" HPOS="264" VPOS="476" CONTENT="ſed">
              <Shape>
                <Polygon POINTS="264,476 336,476 336,519 264,519"/>
              </Shape>
            </String>
            <SP/>
            <String ID="region0002_line0006_word0001" HEIGHT="40" WIDTH="118" HPOS="347" VPOS="482" CONTENT="etiam">
              <Shape>
                <Polygon POINTS="347,482 465,482 465,522 347,522"/>
              </Shape>
            </String>
            <SP/>
            <String ID="region0002_line0006_word0002" HEIGHT="56" WIDTH="190" HPOS="480" VPOS="482" CONTENT="intrepidi">
              <Shape>
                <Polygon POINTS="480,482 670,482 670,538 480,538"/>
              </Shape>
            </String>
            <SP/>
            <String ID="region0002_line0006_word0003" HEIGHT="58" WIDTH="178" HPOS="688" VPOS="483" CONTENT="pericula">
              <Shape>
                <Polygon POINTS="688,483 866,483 866,541 688,541"/>
              </Shape>
            </String>
            <SP/>
            <String ID="region0002_line0006_word0004" HEIGHT="41" WIDTH="141" HPOS="884" VPOS="487" CONTENT="omnia">
              <Shape>
                <Polygon POINTS="884,487 1025,487 1025,528 884,528"/>
              </Shape>
            </String>
          </TextLine>
          <TextLine ID="region0002_line0007" HEIGHT="65" WIDTH="760" HPOS="264" VPOS="533">
            <Shape>
              <Polygon POINTS="264,533 1024,533 1024,598 264,598"/>
            </Shape>
            <String ID="region0002_line0007_word0000" HEIGHT="57" WIDTH="303" HPOS="264" VPOS="533" CONTENT="ſuperaremus.">
              <Shape>
                <Polygon POINTS="264,533 567,533 567,590 264,590"/>
              </Shape>
            </String>
            <SP/>
            <String ID="region0002_line0007_word0001" HEIGHT="55" WIDTH="164" HPOS="590" VPOS="543" CONTENT="Quippe">
              <Shape>
                <Polygon POINTS="590,543 754,543 754,598 590,598"/>
              </Shape>
            </String>
            <SP/>
            <String ID="region0002_line0007_word0002" HEIGHT="44" WIDTH="66" HPOS="765" VPOS="541" CONTENT="hic">
              <Shape>
                <Polygon POINTS="765,541 831,541 831,585 765,585"/>
              </Shape>
            </String>
            <SP/>
            <String ID="region0002_line0007_word0003" HEIGHT="42" WIDTH="55" HPOS="840" VPOS="543" CONTENT="eſt">
              <Shape>
                <Polygon POINTS="840,543 895,543 895,585 840,585"/>
              </Shape>
            </String>
            <SP/>
            <String ID="region0002_line0007_word0004" HEIGHT="51" WIDTH="117" HPOS="907" VPOS="546" CONTENT="panis">
              <Shape>
                <Polygon POINTS="907,546 1024,546 1024,597 907,597"/>
              </Shape>
            </String>
          </TextLine>
          <TextLine ID="region0002_line0008" HEIGHT="63" WIDTH="760" HPOS="264" VPOS="590">
            <Shape>
              <Polygon POINTS="264,590 1024,590 1024,653 264,653"/>
            </Shape>
            <String ID="region0002_line0008_word0000" HEIGHT="42" WIDTH="67" HPOS="264" VPOS="590" CONTENT="ille">
              <Shape>
                <Polygon POINTS="264,590 331,590 331,632 264,632"/>
              </Shape>
            </String>
            <SP/>
            <String ID="region0002_line0008_word0001" HEIGHT="46" WIDTH="281" HPOS="341" VPOS="593" CONTENT="ſubcineritius">
              <Shape>
                <Polygon POINTS="341,593 622,593 622,639 341,639"/>
              </Shape>
            </String>
            <SP/>
            <String ID="region0002_line0008_word0002" HEIGHT="42" WIDTH="125" HPOS="633" VPOS="611" CONTENT="quem">
              <Shape>
                <Polygon POINTS="633,611 758,611 758,653 633,653"/>
              </Shape>
            </String>
            <SP/>
            <String ID="region0002_line0008_word0003" HEIGHT="42" WIDTH="98" HPOS="770" VPOS="600" CONTENT="vidit">
              <Shape>
                <Polygon POINTS="770,600 868,600 868,642 770,642"/>
              </Shape>
            </String>
            <SP/>
            <String ID="region0002_line0008_word0004" HEIGHT="42" WIDTH="146" HPOS="878" VPOS="599" CONTENT="Helias">
              <Shape>
                <Polygon POINTS="878,599 1024,599 1024,641 878,641"/>
              </Shape>
            </String>
          </TextLine>
          <TextLine ID="region0002_line0009" HEIGHT="64" WIDTH="760" HPOS="263" VPOS="647">
            <Shape>
              <Polygon POINTS="263,647 1023,647 1023,711 263,711"/>
            </Shape>
            <String ID="region0002_line0009_word0000" HEIGHT="42" WIDTH="52" HPOS="263" VPOS="647" CONTENT="ad">
              <Shape>
                <Polygon POINTS="263,647 315,647 315,689 263,689"/>
              </Shape>
            </String>
            <SP/>
            <String ID="region0002_line0009_word0001" HEIGHT="43" WIDTH="119" HPOS="334" VPOS="661" CONTENT="caput">
              <Shape>
                <Polygon POINTS="334,661 453,661 453,704 334,704"/>
              </Shape>
            </String>
            <SP/>
            <String ID="region0002_line0009_word0002" HEIGHT="61" WIDTH="123" HPOS="475" VPOS="647" CONTENT="ſuum,">
              <Shape>
                <Polygon POINTS="475,708 598,708 598,647 475,647"/>
              </Shape>
            </String>
            <SP/>
            <String ID="region0002_line0009_word0003" HEIGHT="40" WIDTH="42" HPOS="622" VPOS="657" CONTENT="&amp;">
              <Shape>
                <Polygon POINTS="622,657 664,657 664,697 622,697"/>
              </Shape>
            </String>
            <SP/>
            <String ID="region0002_line0009_word0004" HEIGHT="53" WIDTH="172" HPOS="689" VPOS="658" CONTENT="lurgens">
              <Shape>
                <Polygon POINTS="689,658 861,658 861,711 689,711"/>
              </Shape>
            </String>
            <SP/>
            <String ID="region0002_line0009_word0005" HEIGHT="31" WIDTH="142" HPOS="881" VPOS="668" CONTENT="come-">
              <Shape>
                <Polygon POINTS="881,668 1023,668 1023,699 881,699"/>
              </Shape>
            </String>
          </TextLine>
          <TextLine ID="region0002_line0010" HEIGHT="53" WIDTH="760" HPOS="263" VPOS="703">
            <Shape>
              <Polygon POINTS="263,703 1023,703 1023,756 263,756"/>
            </Shape>
            <String ID="region0002_line0010_word0000" HEIGHT="43" WIDTH="64" HPOS="263" VPOS="703" CONTENT="dit">
              <Shape>
                <Polygon POINTS="263,703 327,703 327,746 263,746"/>
              </Shape>
            </String>
            <SP/>
            <String ID="region0002_line0010_word0001" HEIGHT="40" WIDTH="25" HPOS="350" VPOS="707" CONTENT="&amp;">
              <Shape>
                <Polygon POINTS="350,707 375,707 375,747 350,747"/>
              </Shape>
            </String>
            <SP/>
            <String ID="region0002_line0010_word0002" HEIGHT="46" WIDTH="119" HPOS="389" VPOS="705" CONTENT="bibit:">
              <Shape>
                <Polygon POINTS="389,705 508,705 508,751 389,751"/>
              </Shape>
            </String>
            <SP/>
            <String ID="region0002_line0010_word0003" HEIGHT="41" WIDTH="41" HPOS="547" VPOS="710" CONTENT="&amp;">
              <Shape>
                <Polygon POINTS="547,710 588,710 588,751 547,751"/>
              </Shape>
            </String>
            <SP/>
            <String ID="region0002_line0010_word0004" HEIGHT="46" WIDTH="223" HPOS="605" VPOS="709" CONTENT="ambulavit">
              <Shape>
                <Polygon POINTS="605,709 828,709 828,755 605,755"/>
              </Shape>
            </String>
            <SP/>
            <String ID="region0002_line0010_word0005" HEIGHT="40" WIDTH="43" HPOS="845" VPOS="715" CONTENT="in">
              <Shape>
                <Polygon POINTS="845,715 888,715 888,755 845,755"/>
              </Shape>
            </String>
            <SP/>
            <String ID="region0002_line0010_word0006" HEIGHT="45" WIDTH="122" HPOS="901" VPOS="711" CONTENT="forti-">
              <Shape>
                <Polygon POINTS="901,711 1023,711 1023,756 901,756"/>
              </Shape>
            </String>
          </TextLine>
          <TextLine ID="region0002_line0011" HEIGHT="63" WIDTH="759" HPOS="262" VPOS="760">
            <Shape>
              <Polygon POINTS="262,760 1021,760 1021,823 262,823"/>
            </Shape>
            <String ID="region0002_line0011_word0000" HEIGHT="44" WIDTH="144" HPOS="262" VPOS="760" CONTENT="tudine">
              <Shape>
                <Polygon POINTS="262,760 406,760 406,804 262,804"/>
              </Shape>
            </String>
            <SP/>
            <String ID="region0002_line0011_word0001" HEIGHT="63" WIDTH="73" HPOS="414" VPOS="760" CONTENT="cibi">
              <Shape>
                <Polygon POINTS="487,760 414,760 414,823 487,823"/>
              </Shape>
            </String>
            <SP/>
            <String ID="region0002_line0011_word0002" HEIGHT="63" WIDTH="107" HPOS="510" VPOS="760" CONTENT="illius">
              <Shape>
                <Polygon POINTS="617,760 510,760 510,823 617,823"/>
              </Shape>
            </String>
            <SP/>
            <String ID="region0002_line0011_word0003" HEIGHT="43" WIDTH="130" HPOS="627" VPOS="780" CONTENT="usque">
              <Shape>
                <Polygon POINTS="627,780 757,780 757,823 627,823"/>
              </Shape>
            </String>
            <SP/>
            <String ID="region0002_line0011_word0004" HEIGHT="45" WIDTH="50" HPOS="767" VPOS="768" CONTENT="ad">
              <Shape>
                <Polygon POINTS="767,768 817,768 817,813 767,813"/>
              </Shape>
            </String>
            <SP/>
            <String ID="region0002_line0011_word0005" HEIGHT="32" WIDTH="194" HPOS="827" VPOS="779" CONTENT="montem">
              <Shape>
                <Polygon POINTS="827,779 1021,779 1021,811 827,811"/>
              </Shape>
            </String>
          </TextLine>
          <TextLine ID="region0002_line0012" HEIGHT="63" WIDTH="756" HPOS="264" VPOS="816">
            <Shape>
              <Polygon POINTS="264,816 1020,816 1020,879 264,879"/>
            </Shape>
            <String ID="region0002_line0012_word0000" HEIGHT="45" WIDTH="94" HPOS="264" VPOS="816" CONTENT="Dei:">
              <Shape>
                <Polygon POINTS="264,816 358,816 358,861 264,861"/>
              </Shape>
            </String>
            <SP/>
            <String ID="region0002_line0012_word0001" HEIGHT="44" WIDTH="96" HPOS="388" VPOS="820" CONTENT="Hoc">
              <Shape>
                <Polygon POINTS="388,820 484,820 484,864 388,864"/>
              </Shape>
            </String>
            <SP/>
            <String ID="region0002_line0012_word0002" HEIGHT="33" WIDTH="145" HPOS="493" VPOS="833" CONTENT="verum">
              <Shape>
                <Polygon POINTS="493,833 638,833 638,866 493,866"/>
              </Shape>
            </String>
            <SP/>
            <String ID="region0002_line0012_word0003" HEIGHT="42" WIDTH="97" HPOS="658" VPOS="824" CONTENT="illud">
              <Shape>
                <Polygon POINTS="658,824 755,824 755,866 658,866"/>
              </Shape>
            </String>
            <SP/>
            <String ID="region0002_line0012_word0004" HEIGHT="63" WIDTH="133" HPOS="780" VPOS="816" CONTENT="manna,">
              <Shape>
                <Polygon POINTS="913,816 780,816 780,879 913,879"/>
              </Shape>
            </String>
            <SP/>
            <String ID="region0002_line0012_word0005" HEIGHT="40" WIDTH="74" HPOS="946" VPOS="839" CONTENT="quo">
              <Shape>
                <Polygon POINTS="946,839 1020,839 1020,879 946,879"/>
              </Shape>
            </String>
          </TextLine>
          <TextLine ID="region0002_line0013" HEIGHT="61" WIDTH="758" HPOS="262" VPOS="875">
            <Shape>
              <Polygon POINTS="262,875 1020,875 1020,936 262,936"/>
            </Shape>
            <String ID="region0002_line0013_word0000" HEIGHT="55" WIDTH="182" HPOS="262" VPOS="875" CONTENT="populus">
              <Shape>
                <Polygon POINTS="262,875 444,875 444,930 262,930"/>
              </Shape>
            </String>
            <SP/>
            <String ID="region0002_line0013_word0001" HEIGHT="45" WIDTH="234" HPOS="465" VPOS="877" CONTENT="Iſraeliticus">
              <Shape>
                <Polygon POINTS="465,877 699,877 699,922 465,922"/>
              </Shape>
            </String>
            <SP/>
            <String ID="region0002_line0013_word0002" HEIGHT="40" WIDTH="115" HPOS="711" VPOS="884" CONTENT="annis">
              <Shape>
                <Polygon POINTS="711,884 826,884 826,924 711,924"/>
              </Shape>
            </String>
            <SP/>
            <String ID="region0002_line0013_word0003" HEIGHT="55" WIDTH="177" HPOS="843" VPOS="881" CONTENT="quadra-">
              <Shape>
                <Polygon POINTS="843,881 1020,881 1020,936 843,936"/>
              </Shape>
            </String>
          </TextLine>
          <TextLine ID="region0002_line0014" HEIGHT="105" WIDTH="761" HPOS="259" VPOS="926">
            <Shape>
              <Polygon POINTS="259,926 1020,926 1020,1031 259,1031"/>
            </Shape>
            <String ID="region0002_line0014_word0000" HEIGHT="105" WIDTH="115" HPOS="259" VPOS="926" CONTENT="Raie">
              <Shape>
                <Polygon POINTS="259,926 374,926 374,1031 259,1031"/>
              </Shape>
            </String>
            <SP/>
            <String ID="region0002_line0014_word0001" HEIGHT="53" WIDTH="264" HPOS="385" VPOS="934" CONTENT="ſoginatus,">
              <Shape>
                <Polygon POINTS="385,934 649,934 649,987 385,987"/>
              </Shape>
            </String>
            <SP/>
            <String ID="region0002_line0014_word0002" HEIGHT="66" WIDTH="39" HPOS="612" VPOS="930" CONTENT="ad">
              <Shape>
                <Polygon POINTS="612,930 651,930 651,996 612,996"/>
              </Shape>
            </String>
            <SP/>
            <String ID="region0002_line0014_word0003" HEIGHT="32" WIDTH="150" HPOS="660" VPOS="947" CONTENT="terram">
              <Shape>
                <Polygon POINTS="660,947 810,947 810,979 660,979"/>
              </Shape>
            </String>
            <SP/>
            <String ID="region0002_line0014_word0004" HEIGHT="42" WIDTH="122" HPOS="831" VPOS="938" CONTENT="melle">
              <Shape>
                <Polygon POINTS="831,938 953,938 953,980 831,980"/>
              </Shape>
            </String>
            <SP/>
            <String ID="region0002_line0014_word0005" HEIGHT="31" WIDTH="50" HPOS="970" VPOS="950" CONTENT="ac">
              <Shape>
                <Polygon POINTS="970,950 1020,950 1020,981 970,981"/>
              </Shape>
            </String>
          </TextLine>
          <TextLine ID="region0002_line0015" HEIGHT="64" WIDTH="743" HPOS="277" VPOS="986">
            <Shape>
              <Polygon POINTS="277,986 1020,986 1020,1050 277,1050"/>
            </Shape>
            <String ID="region0002_line0015_word0000" HEIGHT="43" WIDTH="85" HPOS="277" VPOS="986" CONTENT="acte">
              <Shape>
                <Polygon POINTS="277,986 362,986 362,1029 277,1029"/>
              </Shape>
            </String>
            <SP/>
            <String ID="region0002_line0015_word0001" HEIGHT="46" WIDTH="197" HPOS="372" VPOS="988" CONTENT="fluentem">
              <Shape>
                <Polygon POINTS="372,988 569,988 569,1034 372,1034"/>
              </Shape>
            </String>
            <SP/>
            <String ID="region0002_line0015_word0002" HEIGHT="49" WIDTH="208" HPOS="580" VPOS="998" CONTENT="pervenit;">
              <Shape>
                <Polygon POINTS="580,998 788,998 788,1047 580,1047"/>
              </Shape>
            </String>
            <SP/>
            <String ID="region0002_line0015_word0003" HEIGHT="44" WIDTH="215" HPOS="805" VPOS="1006" CONTENT="quumque">
              <Shape>
                <Polygon POINTS="805,1006 1020,1006 1020,1050 805,1050"/>
              </Shape>
            </String>
          </TextLine>
          <TextLine ID="region0002_line0016" HEIGHT="61" WIDTH="759" HPOS="260" VPOS="1045">
            <Shape>
              <Polygon POINTS="260,1045 1019,1045 1019,1106 260,1106"/>
            </Shape>
            <String ID="region0002_line0016_word0000" HEIGHT="44" WIDTH="247" HPOS="260" VPOS="1045" CONTENT="innumerae">
              <Shape>
                <Polygon POINTS="260,1045 507,1045 507,1089 260,1089"/>
              </Shape>
            </String>
            <SP/>
            <String ID="region0002_line0016_word0001" HEIGHT="45" WIDTH="165" HPOS="523" VPOS="1047" CONTENT="hoſtiles">
              <Shape>
                <Polygon POINTS="523,1047 688,1047 688,1092 523,1092"/>
              </Shape>
            </String>
            <SP/>
            <String ID="region0002_line0016_word0002" HEIGHT="52" WIDTH="141" HPOS="700" VPOS="1054" CONTENT="copiae">
              <Shape>
                <Polygon POINTS="700,1054 841,1054 841,1106 700,1106"/>
              </Shape>
            </String>
            <SP/>
            <String ID="region0002_line0016_word0003" HEIGHT="41" WIDTH="83" HPOS="851" VPOS="1051" CONTENT="seſe">
              <Shape>
                <Polygon POINTS="851,1051 934,1051 934,1092 851,1092"/>
              </Shape>
            </String>
            <SP/>
            <String ID="region0002_line0016_word0004" HEIGHT="42" WIDTH="71" HPOS="948" VPOS="1050" CONTENT="ob⸗">
              <Shape>
                <Polygon POINTS="948,1050 1019,1050 1019,1092 948,1092"/>
              </Shape>
            </String>
          </TextLine>
          <TextLine ID="region0002_line0017" HEIGHT="67" WIDTH="764" HPOS="254" VPOS="1095">
            <Shape>
              <Polygon POINTS="254,1095 1018,1095 1018,1162 254,1162"/>
            </Shape>
            <String ID="region0002_line0017_word0000" HEIGHT="59" WIDTH="216" HPOS="254" VPOS="1095" CONTENT="jeciſſent,">
              <Shape>
                <Polygon POINTS="254,1095 470,1095 470,1154 254,1154"/>
              </Shape>
            </String>
            <SP/>
            <String ID="region0002_line0017_word0001" HEIGHT="32" WIDTH="149" HPOS="503" VPOS="1116" CONTENT="omnes">
              <Shape>
                <Polygon POINTS="503,1116 652,1116 652,1148 503,1148"/>
              </Shape>
            </String>
            <SP/>
            <String ID="region0002_line0017_word0002" HEIGHT="38" WIDTH="41" HPOS="668" VPOS="1110" CONTENT="in">
              <Shape>
                <Polygon POINTS="668,1110 709,1110 709,1148 668,1148"/>
              </Shape>
            </String>
            <SP/>
            <String ID="region0002_line0017_word0003" HEIGHT="39" WIDTH="152" HPOS="727" VPOS="1111" CONTENT="virtute">
              <Shape>
                <Polygon POINTS="727,1111 879,1111 879,1150 727,1150"/>
              </Shape>
            </String>
            <SP/>
            <String ID="region0002_line0017_word0004" HEIGHT="53" WIDTH="120" HPOS="898" VPOS="1109" CONTENT="panis">
              <Shape>
                <Polygon POINTS="898,1109 1018,1109 1018,1162 898,1162"/>
              </Shape>
            </String>
          </TextLine>
          <TextLine ID="region0002_line0018" HEIGHT="63" WIDTH="758" HPOS="261" VPOS="1155">
            <Shape>
              <Polygon POINTS="261,1155 1019,1155 1019,1218 261,1218"/>
            </Shape>
            <String ID="region0002_line0018_word0000" HEIGHT="54" WIDTH="124" HPOS="261" VPOS="1155" CONTENT="hujus">
              <Shape>
                <Polygon POINTS="261,1155 385,1155 385,1209 261,1209"/>
              </Shape>
            </String>
            <SP/>
            <String ID="region0002_line0018_word0001" HEIGHT="43" WIDTH="106" HPOS="400" VPOS="1158" CONTENT="fuſae">
              <Shape>
                <Polygon POINTS="400,1158 506,1158 506,1201 400,1201"/>
              </Shape>
            </String>
            <SP/>
            <String ID="region0002_line0018_word0002" HEIGHT="30" WIDTH="47" HPOS="522" VPOS="1173" CONTENT="ac">
              <Shape>
                <Polygon POINTS="522,1173 569,1173 569,1203 522,1203"/>
              </Shape>
            </String>
            <SP/>
            <String ID="region0002_line0018_word0003" HEIGHT="55" WIDTH="239" HPOS="578" VPOS="1163" CONTENT="profligatae">
              <Shape>
                <Polygon POINTS="578,1163 817,1163 817,1218 578,1218"/>
              </Shape>
            </String>
            <SP/>
            <String ID="region0002_line0018_word0004" HEIGHT="41" WIDTH="117" HPOS="834" VPOS="1165" CONTENT="ſunt:">
              <Shape>
                <Polygon POINTS="834,1165 951,1165 951,1206 834,1206"/>
              </Shape>
            </String>
            <SP/>
            <String ID="region0002_line0018_word0005" HEIGHT="41" WIDTH="44" HPOS="975" VPOS="1166" CONTENT="in">
              <Shape>
                <Polygon POINTS="975,1166 1019,1166 1019,1207 975,1207"/>
              </Shape>
            </String>
          </TextLine>
          <TextLine ID="region0002_line0019" HEIGHT="59" WIDTH="758" HPOS="261" VPOS="1211">
            <Shape>
              <Polygon POINTS="261,1211 1019,1211 1019,1270 261,1270"/>
            </Shape>
            <String ID="region0002_line0019_word0000" HEIGHT="54" WIDTH="125" HPOS="261" VPOS="1211" CONTENT="hujus">
              <Shape>
                <Polygon POINTS="261,1211 386,1211 386,1265 261,1265"/>
              </Shape>
            </String>
            <SP/>
            <String ID="region0002_line0019_word0001" HEIGHT="54" WIDTH="196" HPOS="398" VPOS="1216" CONTENT="myſterio">
              <Shape>
                <Polygon POINTS="398,1216 594,1216 594,1270 398,1270"/>
              </Shape>
            </String>
            <SP/>
            <String ID="region0002_line0019_word0002" HEIGHT="43" WIDTH="135" HPOS="603" VPOS="1220" CONTENT="Moſes">
              <Shape>
                <Polygon POINTS="603,1220 738,1220 738,1263 603,1263"/>
              </Shape>
            </String>
            <SP/>
            <String ID="region0002_line0019_word0003" HEIGHT="41" WIDTH="24" HPOS="761" VPOS="1222" CONTENT="&amp;">
              <Shape>
                <Polygon POINTS="761,1222 785,1222 785,1263 761,1263"/>
              </Shape>
            </String>
            <SP/>
            <String ID="region0002_line0019_word0004" HEIGHT="39" WIDTH="141" HPOS="797" VPOS="1224" CONTENT="Aaron">
              <Shape>
                <Polygon POINTS="797,1224 938,1224 938,1263 797,1263"/>
              </Shape>
            </String>
            <SP/>
            <String ID="region0002_line0019_word0005" HEIGHT="43" WIDTH="69" HPOS="950" VPOS="1219" CONTENT="ob·">
              <Shape>
                <Polygon POINTS="950,1219 1019,1219 1019,1262 950,1262"/>
              </Shape>
            </String>
          </TextLine>
          <TextLine ID="region0002_line0020" HEIGHT="64" WIDTH="761" HPOS="259" VPOS="1268">
            <Shape>
              <Polygon POINTS="259,1268 1020,1268 1020,1332 259,1332"/>
            </Shape>
            <String ID="region0002_line0020_word0000" HEIGHT="46" WIDTH="169" HPOS="259" VPOS="1268" CONTENT="ſtinatos">
              <Shape>
                <Polygon POINTS="259,1268 428,1268 428,1314 259,1314"/>
              </Shape>
            </String>
            <SP/>
            <String ID="region0002_line0020_word0001" HEIGHT="53" WIDTH="138" HPOS="452" VPOS="1276" CONTENT="Reges">
              <Shape>
                <Polygon POINTS="452,1276 590,1276 590,1329 452,1329"/>
              </Shape>
            </String>
            <SP/>
            <String ID="region0002_line0020_word0002" HEIGHT="30" WIDTH="47" HPOS="607" VPOS="1289" CONTENT="ac">
              <Shape>
                <Polygon POINTS="607,1289 654,1289 654,1319 607,1319"/>
              </Shape>
            </String>
            <SP/>
            <String ID="region0002_line0020_word0003" HEIGHT="43" WIDTH="257" HPOS="667" VPOS="1277" CONTENT="ferocientes">
              <Shape>
                <Polygon POINTS="667,1277 924,1277 924,1320 667,1320"/>
              </Shape>
            </String>
            <SP/>
            <String ID="region0002_line0020_word0004" HEIGHT="43" WIDTH="79" HPOS="941" VPOS="1289" CONTENT="po-">
              <Shape>
                <Polygon POINTS="941,1289 1020,1289 1020,1332 941,1332"/>
              </Shape>
            </String>
          </TextLine>
          <TextLine ID="region0002_line0021" HEIGHT="54" WIDTH="762" HPOS="256" VPOS="1325">
            <Shape>
              <Polygon POINTS="256,1325 1018,1325 1018,1379 256,1379"/>
            </Shape>
            <String ID="region0002_line0021_word0000" HEIGHT="54" WIDTH="125" HPOS="256" VPOS="1325" CONTENT="pulos">
              <Shape>
                <Polygon POINTS="256,1325 381,1325 381,1379 256,1379"/>
              </Shape>
            </String>
            <SP/>
            <String ID="region0002_line0021_word0001" HEIGHT="44" WIDTH="202" HPOS="401" VPOS="1330" CONTENT="contudit.">
              <Shape>
                <Polygon POINTS="401,1330 603,1330 603,1374 401,1374"/>
              </Shape>
            </String>
            <SP/>
            <String ID="region0002_line0021_word0002" HEIGHT="43" WIDTH="79" HPOS="658" VPOS="1333" CONTENT="Sed">
              <Shape>
                <Polygon POINTS="658,1333 737,1333 737,1376 658,1376"/>
              </Shape>
            </String>
            <SP/>
            <String ID="region0002_line0021_word0003" HEIGHT="30" WIDTH="86" HPOS="762" VPOS="1346" CONTENT="non">
              <Shape>
                <Polygon POINTS="762,1346 848,1346 848,1376 762,1376"/>
              </Shape>
            </String>
            <SP/>
            <String ID="region0002_line0021_word0004" HEIGHT="38" WIDTH="141" HPOS="877" VPOS="1337" CONTENT="minus">
              <Shape>
                <Polygon POINTS="877,1337 1018,1337 1018,1375 877,1375"/>
              </Shape>
            </String>
          </TextLine>
          <TextLine ID="region0002_line0022" HEIGHT="63" WIDTH="761" HPOS="258" VPOS="1381">
            <Shape>
              <Polygon POINTS="258,1381 1019,1381 1019,1444 258,1444"/>
            </Shape>
            <String ID="region0002_line0022_word0000" HEIGHT="43" WIDTH="102" HPOS="258" VPOS="1381" CONTENT="illud">
              <Shape>
                <Polygon POINTS="258,1381 360,1381 360,1424 258,1424"/>
              </Shape>
            </String>
            <SP/>
            <String ID="region0002_line0022_word0001" HEIGHT="42" WIDTH="121" HPOS="377" VPOS="1386" CONTENT="nobis">
              <Shape>
                <Polygon POINTS="377,1386 498,1386 498,1428 377,1428"/>
              </Shape>
            </String>
            <SP/>
            <String ID="region0002_line0022_word0002" HEIGHT="55" WIDTH="159" HPOS="518" VPOS="1389" CONTENT="ſemper">
              <Shape>
                <Polygon POINTS="518,1389 677,1389 677,1444 518,1444"/>
              </Shape>
            </String>
            <SP/>
            <String ID="region0002_line0022_word0003" HEIGHT="41" WIDTH="203" HPOS="692" VPOS="1391" CONTENT="memoria">
              <Shape>
                <Polygon POINTS="692,1391 895,1391 895,1432 692,1432"/>
              </Shape>
            </String>
            <SP/>
            <String ID="region0002_line0022_word0004" HEIGHT="39" WIDTH="97" HPOS="922" VPOS="1392" CONTENT="reti-">
              <Shape>
                <Polygon POINTS="922,1392 1019,1392 1019,1431 922,1431"/>
              </Shape>
            </String>
          </TextLine>
          <TextLine ID="region0002_line0023" HEIGHT="62" WIDTH="760" HPOS="255" VPOS="1439">
            <Shape>
              <Polygon POINTS="255,1439 1015,1439 1015,1501 255,1501"/>
            </Shape>
            <String ID="region0002_line0023_word0000" HEIGHT="46" WIDTH="188" HPOS="255" VPOS="1439" CONTENT="nendum">
              <Shape>
                <Polygon POINTS="255,1439 443,1439 443,1485 255,1485"/>
              </Shape>
            </String>
            <SP/>
            <String ID="region0002_line0023_word0001" HEIGHT="47" WIDTH="76" HPOS="459" VPOS="1441" CONTENT="eſt:">
              <Shape>
                <Polygon POINTS="459,1441 535,1441 535,1488 459,1488"/>
              </Shape>
            </String>
            <SP/>
            <String ID="region0002_line0023_word0002" HEIGHT="29" WIDTH="86" HPOS="572" VPOS="1457" CONTENT="non">
              <Shape>
                <Polygon POINTS="572,1457 658,1457 658,1486 572,1486"/>
              </Shape>
            </String>
            <SP/>
            <String ID="region0002_line0023_word0003" HEIGHT="53" WIDTH="115" HPOS="670" VPOS="1448" CONTENT="prius">
              <Shape>
                <Polygon POINTS="670,1448 785,1448 785,1501 670,1501"/>
              </Shape>
            </String>
            <SP/>
            <String ID="region0002_line0023_word0004" HEIGHT="44" WIDTH="112" HPOS="801" VPOS="1444" CONTENT="hunc">
              <Shape>
                <Polygon POINTS="801,1444 913,1444 913,1488 801,1488"/>
              </Shape>
            </String>
            <SP/>
            <String ID="region0002_line0023_word0005" HEIGHT="42" WIDTH="71" HPOS="944" VPOS="1458" CONTENT="pa-">
              <Shape>
                <Polygon POINTS="944,1458 1015,1458 1015,1500 944,1500"/>
              </Shape>
            </String>
          </TextLine>
          <TextLine ID="region0002_line0024" HEIGHT="61" WIDTH="758" HPOS="260" VPOS="1499">
            <Shape>
              <Polygon POINTS="260,1499 1018,1499 1018,1560 260,1560"/>
            </Shape>
            <String ID="region0002_line0024_word0000" HEIGHT="33" WIDTH="101" HPOS="260" VPOS="1507" CONTENT="nem">
              <Shape>
                <Polygon POINTS="260,1507 361,1507 361,1540 260,1540"/>
              </Shape>
            </String>
            <SP/>
            <String ID="region0002_line0024_word0001" HEIGHT="61" WIDTH="25" HPOS="366" VPOS="1499" CONTENT="e">
              <Shape>
                <Polygon POINTS="391,1499 366,1499 366,1560 391,1560"/>
              </Shape>
            </String>
            <SP/>
            <String ID="region0002_line0024_word0002" HEIGHT="43" WIDTH="120" HPOS="422" VPOS="1500" CONTENT="coelo">
              <Shape>
                <Polygon POINTS="422,1500 542,1500 542,1543 422,1543"/>
              </Shape>
            </String>
            <SP/>
            <String ID="region0002_line0024_word0003" HEIGHT="54" WIDTH="209" HPOS="551" VPOS="1499" CONTENT="affulſiſſe,">
              <Shape>
                <Polygon POINTS="551,1499 760,1499 760,1553 551,1553"/>
              </Shape>
            </String>
            <SP/>
            <String ID="region0002_line0024_word0004" HEIGHT="46" WIDTH="124" HPOS="797" VPOS="1514" CONTENT="quam">
              <Shape>
                <Polygon POINTS="797,1514 921,1514 921,1560 797,1560"/>
              </Shape>
            </String>
            <SP/>
            <String ID="region0002_line0024_word0005" HEIGHT="41" WIDTH="83" HPOS="935" VPOS="1502" CONTENT="ele-">
              <Shape>
                <Polygon POINTS="935,1502 1018,1502 1018,1543 935,1543"/>
              </Shape>
            </String>
          </TextLine>
          <TextLine ID="region0002_line0025" HEIGHT="69" WIDTH="758" HPOS="261" VPOS="1550">
            <Shape>
              <Polygon POINTS="261,1550 1019,1550 1019,1619 261,1619"/>
            </Shape>
            <String ID="region0002_line0025_word0000" HEIGHT="49" WIDTH="92" HPOS="261" VPOS="1550" CONTENT="ctus">
              <Shape>
                <Polygon POINTS="261,1550 353,1550 353,1599 261,1599"/>
              </Shape>
            </String>
            <SP/>
            <String ID="region0002_line0025_word0001" HEIGHT="45" WIDTH="25" HPOS="366" VPOS="1567" CONTENT="a">
              <Shape>
                <Polygon POINTS="366,1567 391,1567 391,1612 366,1612"/>
              </Shape>
            </String>
            <SP/>
            <String ID="region0002_line0025_word0002" HEIGHT="56" WIDTH="90" HPOS="394" VPOS="1556" CONTENT="Deo">
              <Shape>
                <Polygon POINTS="394,1556 484,1556 484,1612 394,1612"/>
              </Shape>
            </String>
            <SP/>
            <String ID="region0002_line0025_word0003" HEIGHT="59" WIDTH="180" HPOS="492" VPOS="1558" CONTENT="populus">
              <Shape>
                <Polygon POINTS="492,1558 672,1558 672,1617 492,1617"/>
              </Shape>
            </String>
            <SP/>
            <String ID="region0002_line0025_word0004" HEIGHT="59" WIDTH="340" HPOS="679" VPOS="1560" CONTENT="perAegyptium">
              <Shape>
                <Polygon POINTS="679,1560 1019,1560 1019,1619 679,1619"/>
              </Shape>
            </String>
          </TextLine>
          <TextLine ID="region0002_line0026" HEIGHT="40" WIDTH="131" HPOS="880" VPOS="1626">
            <Shape>
              <Polygon POINTS="880,1626 1011,1626 1011,1666 880,1666"/>
            </Shape>
            <String ID="region0002_line0026_word0000" HEIGHT="40" WIDTH="131" HPOS="880" VPOS="1626" CONTENT="mare,">
              <Shape>
                <Polygon POINTS="880,1626 1011,1626 1011,1666 880,1666"/>
              </Shape>
            </String>
          </TextLine>
        </TextBlock>
      </PrintSpace>
    </Page>
  </Layout>
</alto>
