<?xml version="1.0" encoding="UTF-8"?>
<bpmn2:definitions xmlns:xsi="http://www.w3.org/2001/XMLSchema-instance" xmlns:bpmn2="http://www.omg.org/spec/BPMN/20100524/MODEL" xmlns:bpmndi="http://www.omg.org/spec/BPMN/20100524/DI" xmlns:dc="http://www.omg.org/spec/DD/20100524/DC" xmlns:di="http://www.omg.org/spec/DD/20100524/DI" xmlns:template="http://www.kitodo.org/template" id="sample-diagram" targetNamespace="http://bpmn.io/schema/bpmn" xsi:schemaLocation="http://www.omg.org/spec/BPMN/20100524/MODEL BPMN20.xsd">
  <bpmn2:process id="Example_Workflow" name="Example_Workflow" isExecutable="false" template:outputName="Example_Workflow">
    <bpmn2:startEvent id="StartEvent_1">
      <bpmn2:outgoing>SequenceFlow_05ujoyy</bpmn2:outgoing>
    </bpmn2:startEvent>
    <bpmn2:task id="Task_1" name="Scanning" template:permittedUserRole="1,2" template:typeImagesRead="true" template:typeImagesWrite="true" template:priority="0">
      <bpmn2:incoming>SequenceFlow_05ujoyy</bpmn2:incoming>
      <bpmn2:outgoing>SequenceFlow_0np532x</bpmn2:outgoing>
    </bpmn2:task>
    <bpmn2:sequenceFlow id="SequenceFlow_05ujoyy" sourceRef="StartEvent_1" targetRef="Task_1" />
    <bpmn2:task id="Task_2" name="QC" template:permittedUserRole="1,3" template:typeImagesRead="true" template:priority="0">
      <bpmn2:incoming>SequenceFlow_0np532x</bpmn2:incoming>
      <bpmn2:outgoing>Flow_1b5l2w4</bpmn2:outgoing>
    </bpmn2:task>
    <bpmn2:sequenceFlow id="SequenceFlow_0np532x" sourceRef="Task_1" targetRef="Task_2" />
    <bpmn2:task id="Task_3" name="Structure and Metadata" template:permittedUserRole="1,5" template:typeMetadata="true" template:priority="0">
      <bpmn2:incoming>Flow_1b5l2w4</bpmn2:incoming>
      <bpmn2:outgoing>Flow_13ewo8y</bpmn2:outgoing>
    </bpmn2:task>
    <bpmn2:task id="Task_4" name="Export DMS" template:permittedUserRole="1,6" template:typeExportDMS="true" template:priority="0">
      <bpmn2:incoming>Flow_18a7jir</bpmn2:incoming>
      <bpmn2:outgoing>Flow_0kjfalm</bpmn2:outgoing>
    </bpmn2:task>
    <bpmn2:endEvent id="EndEvent_1r20d3t">
      <bpmn2:incoming>Flow_0kjfalm</bpmn2:incoming>
    </bpmn2:endEvent>
    <bpmn2:scriptTask id="Activity_0y2ldc1" name="OCR" template:permittedUserRole="1" template:scriptName="OCR" template:scriptPath="script_ocr.sh ">
      <bpmn2:incoming>Flow_13ewo8y</bpmn2:incoming>
      <bpmn2:outgoing>Flow_18a7jir</bpmn2:outgoing>
    </bpmn2:scriptTask>
    <bpmn2:sequenceFlow id="Flow_1b5l2w4" sourceRef="Task_2" targetRef="Task_3" />
    <bpmn2:sequenceFlow id="Flow_13ewo8y" sourceRef="Task_3" targetRef="Activity_0y2ldc1" />
    <bpmn2:sequenceFlow id="Flow_18a7jir" sourceRef="Activity_0y2ldc1" targetRef="Task_4" />
    <bpmn2:sequenceFlow id="Flow_0kjfalm" sourceRef="Task_4" targetRef="EndEvent_1r20d3t" />
  </bpmn2:process>
  <bpmndi:BPMNDiagram id="BPMNDiagram_1">
    <bpmndi:BPMNPlane id="BPMNPlane_1" bpmnElement="Example_Workflow">
      <bpmndi:BPMNEdge id="SequenceFlow_0np532x_di" bpmnElement="SequenceFlow_0np532x">
        <di:waypoint x="598" y="258" />
        <di:waypoint x="648" y="258" />
        <bpmndi:BPMNLabel>
          <dc:Bounds x="623" y="237" width="0" height="12" />
        </bpmndi:BPMNLabel>
      </bpmndi:BPMNEdge>
      <bpmndi:BPMNEdge id="SequenceFlow_05ujoyy_di" bpmnElement="SequenceFlow_05ujoyy">
        <di:waypoint x="448" y="258" />
        <di:waypoint x="498" y="258" />
        <bpmndi:BPMNLabel>
          <dc:Bounds x="473" y="237" width="0" height="12" />
        </bpmndi:BPMNLabel>
      </bpmndi:BPMNEdge>
      <bpmndi:BPMNEdge id="Flow_1b5l2w4_di" bpmnElement="Flow_1b5l2w4">
        <di:waypoint x="748" y="258" />
        <di:waypoint x="790" y="258" />
      </bpmndi:BPMNEdge>
      <bpmndi:BPMNEdge id="Flow_13ewo8y_di" bpmnElement="Flow_13ewo8y">
        <di:waypoint x="890" y="258" />
        <di:waypoint x="940" y="258" />
      </bpmndi:BPMNEdge>
      <bpmndi:BPMNEdge id="Flow_0kjfalm_di" bpmnElement="Flow_0kjfalm">
        <di:waypoint x="1190" y="258" />
        <di:waypoint x="1252" y="258" />
      </bpmndi:BPMNEdge>
      <bpmndi:BPMNEdge id="Flow_18a7jir_di" bpmnElement="Flow_18a7jir">
        <di:waypoint x="1040" y="258" />
        <di:waypoint x="1090" y="258" />
      </bpmndi:BPMNEdge>
      <bpmndi:BPMNShape id="_BPMNShape_StartEvent_2" bpmnElement="StartEvent_1">
        <dc:Bounds x="412" y="240" width="36" height="36" />
      </bpmndi:BPMNShape>
      <bpmndi:BPMNShape id="Task_1_di" bpmnElement="Task_1">
        <dc:Bounds x="498" y="218" width="100" height="80" />
      </bpmndi:BPMNShape>
      <bpmndi:BPMNShape id="Task_2_di" bpmnElement="Task_2">
        <dc:Bounds x="648" y="218" width="100" height="80" />
      </bpmndi:BPMNShape>
      <bpmndi:BPMNShape id="Task_3_di" bpmnElement="Task_3">
        <dc:Bounds x="790" y="218" width="100" height="80" />
      </bpmndi:BPMNShape>
      <bpmndi:BPMNShape id="EndEvent_1r20d3t_di" bpmnElement="EndEvent_1r20d3t">
        <dc:Bounds x="1252" y="240" width="36" height="36" />
        <bpmndi:BPMNLabel>
          <dc:Bounds x="1116" y="280" width="0" height="12" />
        </bpmndi:BPMNLabel>
      </bpmndi:BPMNShape>
      <bpmndi:BPMNShape id="Task_4_di" bpmnElement="Task_4">
        <dc:Bounds x="1090" y="218" width="100" height="80" />
      </bpmndi:BPMNShape>
      <bpmndi:BPMNShape id="Activity_1fh0359_di" bpmnElement="Activity_0y2ldc1">
        <dc:Bounds x="940" y="218" width="100" height="80" />
      </bpmndi:BPMNShape>
    </bpmndi:BPMNPlane>
  </bpmndi:BPMNDiagram>
</bpmn2:definitions>
