<?xml version="1.0" encoding="UTF-8" standalone="yes"?>
<mets:mets xmlns:xsi="http://www.w3.org/2001/XMLSchema-instance" xmlns:xlink="http://www.w3.org/1999/xlink" xmlns:kitodo="http://meta.kitodo.org/v1/" xmlns:mets="http://www.loc.gov/METS/">
    <mets:metsHdr CREATEDATE="2022-03-10T16:43:28.495Z" LASTMODDATE="2022-03-28T09:49:56.896Z">
        <mets:metsDocumentID>3</mets:metsDocumentID>
    </mets:metsHdr>
    <mets:dmdSec ID="uuid-79f68a75-f3a4-3ca9-8159-8b95653a146c">
        <mets:mdWrap>
            <mets:xmlData>
                <kitodo:kitodo>
                    <kitodo:metadata name="TitleDocMain">Caelii Calcagnini Ferrariensis, De Evcharistia Sermo Brevis, Ac Perspicvvs</kitodo:metadata>
                    <kitodo:metadata name="DocLanguage">lat</kitodo:metadata>
                    <kitodo:metadata name="TitleDocSub">In Vsum Athenaei Bvdissinensis</kitodo:metadata>
                    <kitodo:metadata name="PublisherName">Literis Richterianis</kitodo:metadata>
                    <kitodo:metadata name="PlaceOfPublication">Bvdissae</kitodo:metadata>
                    <kitodo:metadata name="TitleDocMainShort">Caelii Calcagnini Ferrariensis, De Evcharistia Sermo Brevis, Ac Perspicvvs</kitodo:metadata>
                    <kitodo:metadata name="shelfmarksource">4.A.1080,angeb.4</kitodo:metadata>
                    <kitodo:metadata name="singleDigCollection">Drucke des 18. Jahrhunderts</kitodo:metadata>
                    <kitodo:metadata name="TSL_ATS">CaelCaFeD</kitodo:metadata>
                    <kitodo:metadata name="CatalogIDDigital">1761630636</kitodo:metadata>
                    <kitodo:metadata name="CatalogIDSource">1106334698</kitodo:metadata>
                    <kitodo:metadata name="docType">Monograph</kitodo:metadata>
                    <kitodo:metadataGroup name="Person">
                        <kitodo:metadata name="IdentifierPPN">139559140</kitodo:metadata>
                        <kitodo:metadata name="IdentifierGND">119249316</kitodo:metadata>
                        <kitodo:metadata name="IdentifierGNDURI">http://d-nb.info/gnd/119249316</kitodo:metadata>
                        <kitodo:metadata name="RoleText">VerfasserIn</kitodo:metadata>
                        <kitodo:metadata name="DisplayForm">Calcagnini, Celio</kitodo:metadata>
                        <kitodo:metadata name="FirstName">Celio</kitodo:metadata>
                        <kitodo:metadata name="LastName">Calcagnini</kitodo:metadata>
                        <kitodo:metadata name="RoleCode">aut</kitodo:metadata>
                        <kitodo:metadata name="Authority">gnd</kitodo:metadata>
                    </kitodo:metadataGroup>
                </kitodo:kitodo>
            </mets:xmlData>
        </mets:mdWrap>
    </mets:dmdSec>
    <mets:fileSec>
        <mets:fileGrp USE="DEFAULT">
            <mets:file ID="uuid-cf73e50a-19e6-42ac-ae48-2c55e68d06cf" MIMETYPE="image/jpeg">
                <mets:FLocat LOCTYPE="URL" xlink:href="jpgs/default/FILE_0014_ORIGINAL.jpg"/>
            </mets:file>
            <mets:file ID="uuid-aae47801-5ee8-488d-beb0-ade3295faf7d" MIMETYPE="image/jpeg">
                <mets:FLocat LOCTYPE="URL" xlink:href="jpgs/default/FILE_0013_ORIGINAL.jpg"/>
            </mets:file>
            <mets:file ID="uuid-bceb4acb-c7e1-4662-a056-264f491f47c8" MIMETYPE="image/jpeg">
                <mets:FLocat LOCTYPE="URL" xlink:href="jpgs/default/FILE_0010_ORIGINAL.jpg"/>
            </mets:file>
            <mets:file ID="uuid-64576a9a-bc33-41be-a395-621f49b3a55e" MIMETYPE="image/jpeg">
                <mets:FLocat LOCTYPE="URL" xlink:href="jpgs/default/FILE_0011_ORIGINAL.jpg"/>
            </mets:file>
            <mets:file ID="uuid-9147512c-80d1-47d3-afaf-61d2fa8391a9" MIMETYPE="image/jpeg">
                <mets:FLocat LOCTYPE="URL" xlink:href="jpgs/default/FILE_0012_ORIGINAL.jpg"/>
            </mets:file>
        </mets:fileGrp>
        <mets:fileGrp USE="MAX">
            <mets:file ID="uuid-943f9c83-9d97-465c-a88f-b3ff77f2e112" MIMETYPE="image/jpeg">
                <mets:FLocat LOCTYPE="URL" xlink:href="jpgs/max/FILE_0010_ORIGINAL_max.jpg"/>
            </mets:file>
            <mets:file ID="uuid-16f658fe-46ce-4a64-be3a-9fab8e9e821e" MIMETYPE="image/jpeg">
                <mets:FLocat LOCTYPE="URL" xlink:href="jpgs/max/FILE_0011_ORIGINAL_max.jpg"/>
            </mets:file>
            <mets:file ID="uuid-73665c2d-7be5-4313-836b-50e10ebd8ba7" MIMETYPE="image/jpeg">
                <mets:FLocat LOCTYPE="URL" xlink:href="jpgs/max/FILE_0012_ORIGINAL_max.jpg"/>
            </mets:file>
            <mets:file ID="uuid-ce731cf1-ad7c-40f4-a928-20eafba463a8" MIMETYPE="image/jpeg">
                <mets:FLocat LOCTYPE="URL" xlink:href="jpgs/max/FILE_0013_ORIGINAL_max.jpg"/>
            </mets:file>
            <mets:file ID="uuid-e30436ee-358f-4552-a736-d2a3c984056c" MIMETYPE="image/jpeg">
                <mets:FLocat LOCTYPE="URL" xlink:href="jpgs/max/FILE_0014_ORIGINAL_max.jpg"/>
            </mets:file>
        </mets:fileGrp>
        <mets:fileGrp USE="THUMBS">
            <mets:file ID="uuid-d0dca3ae-1812-4d51-88bc-23f0c4792546" MIMETYPE="image/jpeg">
                <mets:FLocat LOCTYPE="URL" xlink:href="jpgs/thumbs/FILE_0011_ORIGINAL_thumbs.jpg"/>
            </mets:file>
            <mets:file ID="uuid-d8e4f4ce-fa6b-44c8-b3d3-389134cd3e50" MIMETYPE="image/jpeg">
                <mets:FLocat LOCTYPE="URL" xlink:href="jpgs/thumbs/FILE_0013_ORIGINAL_thumbs.jpg"/>
            </mets:file>
            <mets:file ID="uuid-5a20505e-6377-48e3-a59f-7bafc75cc613" MIMETYPE="image/jpeg">
                <mets:FLocat LOCTYPE="URL" xlink:href="jpgs/thumbs/FILE_0014_ORIGINAL_thumbs.jpg"/>
            </mets:file>
            <mets:file ID="uuid-c5b06507-2821-4e37-bedf-7120fd8bc78f" MIMETYPE="image/jpeg">
                <mets:FLocat LOCTYPE="URL" xlink:href="jpgs/thumbs/FILE_0010_ORIGINAL_thumbs.jpg"/>
            </mets:file>
            <mets:file ID="uuid-76dea3db-c15b-41ef-ba15-6a70215520e4" MIMETYPE="image/jpeg">
                <mets:FLocat LOCTYPE="URL" xlink:href="jpgs/thumbs/FILE_0012_ORIGINAL_thumbs.jpg"/>
            </mets:file>
        </mets:fileGrp>
    </mets:fileSec>
    <mets:structMap TYPE="PHYSICAL">
        <mets:div ID="uuid-0c0cac1f-c3d0-4f89-bbb7-63f0f7bddeec">
            <mets:div ID="uuid-62f6b594-b5ff-48da-90ba-24818dde88be" TYPE="page" ORDER="6" ORDERLABEL="-">
                <mets:fptr FILEID="uuid-943f9c83-9d97-465c-a88f-b3ff77f2e112"/>
            </mets:div>
            <mets:div ID="uuid-d87e4e33-0fa9-4a50-b8d5-15e50c4715a1" TYPE="page" ORDER="7" ORDERLABEL="-">
                <mets:fptr FILEID="uuid-c5b06507-2821-4e37-bedf-7120fd8bc78f"/>
            </mets:div>
            <mets:div ID="uuid-1b6b0c27-8247-4d8b-b0e7-bc705664844c" TYPE="page" ORDER="8" ORDERLABEL="-">
                <mets:fptr FILEID="uuid-d0dca3ae-1812-4d51-88bc-23f0c4792546"/>
            </mets:div>
            <mets:div ID="uuid-c6504377-8711-4bd3-847c-13a464a5b982" TYPE="page" ORDER="9" ORDERLABEL=" - ">
                <mets:fptr FILEID="uuid-16f658fe-46ce-4a64-be3a-9fab8e9e821e"/>
            </mets:div>
            <mets:div ID="uuid-4e34968e-3a4d-485c-9bae-053986c4a12a" TYPE="page" ORDER="10" ORDERLABEL=" - ">
                <mets:fptr FILEID="uuid-73665c2d-7be5-4313-836b-50e10ebd8ba7"/>
            </mets:div>
            <mets:div ID="uuid-15206ba2-0303-4751-9006-132fc52d48b2" TYPE="page" ORDER="11" ORDERLABEL=" - ">
                <mets:fptr FILEID="uuid-76dea3db-c15b-41ef-ba15-6a70215520e4"/>
            </mets:div>
            <mets:div ID="uuid-5099b24d-7d1c-41b8-ad2b-2b91b9221281" TYPE="page" ORDER="12" ORDERLABEL=" - ">
                <mets:fptr FILEID="uuid-ce731cf1-ad7c-40f4-a928-20eafba463a8"/>
            </mets:div>
            <mets:div ID="uuid-2b069f54-41db-44b8-9efe-b0e6c8eebbcc" TYPE="page" ORDER="13" ORDERLABEL=" - ">
                <mets:fptr FILEID="uuid-d8e4f4ce-fa6b-44c8-b3d3-389134cd3e50"/>
            </mets:div>
            <mets:div ID="uuid-ed36e421-e3ac-41f4-8932-eef4de9d92c7" TYPE="page" ORDER="14" ORDERLABEL=" - ">
                <mets:fptr FILEID="uuid-e30436ee-358f-4552-a736-d2a3c984056c"/>
            </mets:div>
            <mets:div ID="uuid-a31f15b9-aa38-4596-b852-e9591a094d6b" TYPE="page" ORDER="15" ORDERLABEL=" - ">
                <mets:fptr FILEID="uuid-5a20505e-6377-48e3-a59f-7bafc75cc613"/>
            </mets:div>
        </mets:div>
    </mets:structMap>
    <mets:structMap TYPE="LOGICAL">
        <mets:div ID="uuid-bdaab9c3-3deb-4400-86d9-8c5b9826f80f" DMDID="uuid-79f68a75-f3a4-3ca9-8159-8b95653a146c" TYPE="Monograph" ORDER="1" ORDERLABEL="Caelii Calcagnini Ferrariensis, De Evcharistia Sermo Brevis, Ac Perspicvvs" LABEL="Caelii Calcagnini Ferrariensis, De Evcharistia Sermo Brevis, Ac Perspicvvs">
            <mets:div ID="uuid-c69f6c19-a556-4f41-a9ea-a40dd67c87bc" TYPE="Chapter" ORDER="1"/>
        </mets:div>
    </mets:structMap>
    <mets:structLink>
        <mets:smLink xlink:to="uuid-62f6b594-b5ff-48da-90ba-24818dde88be" xlink:from="uuid-bdaab9c3-3deb-4400-86d9-8c5b9826f80f"/>
        <mets:smLink xlink:to="uuid-d87e4e33-0fa9-4a50-b8d5-15e50c4715a1" xlink:from="uuid-bdaab9c3-3deb-4400-86d9-8c5b9826f80f"/>
        <mets:smLink xlink:to="uuid-1b6b0c27-8247-4d8b-b0e7-bc705664844c" xlink:from="uuid-bdaab9c3-3deb-4400-86d9-8c5b9826f80f"/>
        <mets:smLink xlink:to="uuid-c6504377-8711-4bd3-847c-13a464a5b982" xlink:from="uuid-bdaab9c3-3deb-4400-86d9-8c5b9826f80f"/>
        <mets:smLink xlink:to="uuid-4e34968e-3a4d-485c-9bae-053986c4a12a" xlink:from="uuid-bdaab9c3-3deb-4400-86d9-8c5b9826f80f"/>
        <mets:smLink xlink:to="uuid-15206ba2-0303-4751-9006-132fc52d48b2" xlink:from="uuid-bdaab9c3-3deb-4400-86d9-8c5b9826f80f"/>
        <mets:smLink xlink:to="uuid-5099b24d-7d1c-41b8-ad2b-2b91b9221281" xlink:from="uuid-bdaab9c3-3deb-4400-86d9-8c5b9826f80f"/>
        <mets:smLink xlink:to="uuid-2b069f54-41db-44b8-9efe-b0e6c8eebbcc" xlink:from="uuid-bdaab9c3-3deb-4400-86d9-8c5b9826f80f"/>
        <mets:smLink xlink:to="uuid-ed36e421-e3ac-41f4-8932-eef4de9d92c7" xlink:from="uuid-bdaab9c3-3deb-4400-86d9-8c5b9826f80f"/>
        <mets:smLink xlink:to="uuid-a31f15b9-aa38-4596-b852-e9591a094d6b" xlink:from="uuid-bdaab9c3-3deb-4400-86d9-8c5b9826f80f"/>
    </mets:structLink>
</mets:mets>
