<?xml version="1.0"?>
<!--
 *
 * (c) Kitodo. Key to digital objects e. V. <contact@kitodo.org>
 *
 * This file is part of the Kitodo project.
 *
 * It is licensed under GNU General Public License version 3 or later.
 *
 * For the full copyright and license information, please read the
 * GPL3-License.txt file that was distributed with this source code.
 *
-->
<kitodo_fileFormats>
    <!--
        'fileFormat' tag:
            - required attribute 'extension':
                    file extension without dot
 
            - optional attribute 'fileType':
                    Member of
                    org.kitodo.api.validation.longtermpreservation.FileType -
                    if defined, allows running the validator on this file group
 
            - optional attribute 'formatName':
                    Member of javax.imageio.ImageIO.getWriterFormatNames() - if
                    defined, allows generating DPI changed and web images in
                    this format
 
            - optional attribute 'imageFileFormat':
                    Member of org.kitodo.api.imagemanagement.ImageFileFormat -
                    if defined, allows generating derivatives in this format
 
            - required attribute 'mimeType': Internet MIME type
             
            - required member tag: label (min. quantity: 1)
         
        'label' tag:
            - optional attribute 'lang':
                    ISO 639 alpha-2 language code - display language to use the
                    label for. If missing, defines the default value used if
                    there is no specific label for one language
            - text content:
                    human-readable label, displayed e.g. in file groups dialog
    -->
    <fileFormat extension="xml" mimeType="application/alto+xml">
        <label>Analyzed Layout and Text (application/alto+xml, *.xml)</label>
    </fileFormat>
    <fileFormat extension="gif" fileType="GIF" formatName="gif" imageFileFormat="GIF" mimeType="image/gif">
        <label>Graphics Interchange Format (image/gif, *.gif)</label>
    </fileFormat>
    <fileFormat extension="jp2" fileType="JPEG_2000" imageFileFormat="JPEG2000" mimeType="image/jp2">
        <label>JPEG 2000 (image/jp2, *.jp2)</label>
    </fileFormat>
    <fileFormat extension="jpg" fileType="JPEG" formatName="jpg" imageFileFormat="JPEG" mimeType="image/jpeg">
        <label>JPEG File Interchange Format (image/jpeg, *.jpg)</label>
    </fileFormat>
    <fileFormat extension="pdf" fileType="PDF" mimeType="application/pdf">
        <label>Portable Document Format (application/pdf, *.pdf)</label>
    </fileFormat>
    <fileFormat extension="png" fileType="PNG" formatName="png" imageFileFormat="PNG" mimeType="image/png">
        <label>Portable Network Graphics (image/png, *.png)</label>
    </fileFormat>
    <fileFormat extension="tif" fileType="TIFF" imageFileFormat="TIFF" mimeType="image/tiff">
        <label>Tagged Image File Format (image/tiff, *.tif)</label>
    </fileFormat>
    <fileFormat extension="bmp" formatName="bmp" imageFileFormat="BMP" mimeType="image/bmp">
        <label>Windows Bitmap (image/bmp, *.bmp)</label>
    </fileFormat>
</kitodo_fileFormats>
