<?xml version="1.0" encoding="UTF-8"?>
<!--
 *
 * (c) Kitodo. Key to digital objects e. V. <contact@kitodo.org>
 *
 * This file is part of the Kitodo project.
 *
 * It is licensed under GNU General Public License version 3 or later.
 *
 * For the full copyright and license information, please read the
 * GPL3-License.txt file that was distributed with this source code.
 *
-->
<opacCatalogues>
    <doctypes>
        <type isContainedWork="false" isMultiVolume="false" isPeriodical="false" isNewspaper="false"
              rulesetType="Monograph" tifHeaderType="Monographie" title="monograph">
            <label language="de">Monographie</label>
            <label language="en">Monograph</label>
            <mapping>Aa</mapping>
            <mapping>Oa</mapping>
        </type>
        <type isContainedWork="false" isMultiVolume="false" isPeriodical="true" isNewspaper="true"
              rulesetType="Periodical" tifHeaderType="Band_Zeitschrift" title="periodical">
            <label language="de">Zeitschrift / Zeitung</label>
            <label language="en">Periodical</label>
            <mapping>Ab</mapping>
            <mapping>Ob</mapping>
        </type>
        <type isContainedWork="false" isMultiVolume="true" isPeriodical="false" isNewspaper="false"
              rulesetType="MultivolumeWork" tifHeaderType="Band_MultivolumeWork"
              title="multivolume">
            <label language="de">Mehrbändiges Werk</label>
            <label language="en">Multivolume work</label>
            <mapping>Of</mapping>
            <mapping>Af</mapping>
            <mapping>OF</mapping>
            <mapping>AF</mapping>
        </type>
        <type isContainedWork="true" isMultiVolume="false" isPeriodical="false" isNewspaper="false"
              rulesetType="ContainedWork" tifHeaderType="ContainedWork" title="containedWork">
            <label language="de">Beigefügtes Werk</label>
            <label language="en">Contained work</label>
            <mapping>Aj</mapping>
            <mapping>Oj</mapping>
        </type>
    </doctypes>

    <catalogue title="K10Plus-Release-3.4" description="K10Plus OPAC PICA" default="true">
        <interfaceType>sru</interfaceType>
        <returnFormat>xml</returnFormat>
        <metadataFormat>PICA</metadataFormat>
		<mappingFiles>
            <file>pica2kitodo_default.xsl</file>
        </mappingFiles>
		<!-- Use the following element to activate prestructured import, e.g. delegate creating the METS structure to configured XSLT mapping file -->
        <!-- <prestructured>true</prestructured> -->
        <fileUpload>false</fileUpload>
        <config>
            <param name="host" value="sru.k10plus.de" />
            <param name="scheme" value="https" />
            <param name="path" value="/gvk" />
        </config>
        <identifierParameter value="pica.ppn" />
        <urlParameters>
            <param name="version" value="1.1" />
            <param name="operation" value="searchRetrieve" />
            <param name="recordSchema" value="picaxml" />
        </urlParameters>
        <searchFields>
            <searchField label="PPN" value="pica.ppn" default="true"/>
            <searchField label="Titel" value="pica.tit"/>
            <searchField label="Author" value="pica.per"/>
            <searchField label="ISSN" value="pica.iss"/>
            <searchField label="ISBN" value="pica.isb"/>
            <searchField label="Erscheinungsort" value="pica.plc"/>
            <searchField label="Erscheinungsjahr" value="pica.jah"/>
            <searchField label="Volltext" value="pica.txt"/>
        </searchFields>
		<defaultImportDepth>2</defaultImportDepth>
    </catalogue>
</opacCatalogues>