<?xml version="1.0" encoding="UTF-8" standalone="yes"?>
<mets:mets xmlns:xsi="http://www.w3.org/2001/XMLSchema-instance" xmlns:xlink="http://www.w3.org/1999/xlink" xmlns:kitodo="http://meta.kitodo.org/v1/" xmlns:mets="http://www.loc.gov/METS/">
    <mets:metsHdr CREATEDATE="2022-03-10T16:43:28.495Z" LASTMODDATE="2022-03-22T18:49:08.696Z">
        <mets:metsDocumentID>3</mets:metsDocumentID>
    </mets:metsHdr>
    <mets:dmdSec ID="uuid-79f68a75-f3a4-3ca9-8159-8b95653a146c">
        <mets:mdWrap>
            <mets:xmlData>
                <kitodo:kitodo>
                    <kitodo:metadata name="docType">Monograph</kitodo:metadata>
                    <kitodo:metadata name="TitleDocSub">In Vsum Athenaei Bvdissinensis</kitodo:metadata>
                    <kitodo:metadata name="TitleDocMain">Caelii Calcagnini Ferrariensis, De Evcharistia Sermo Brevis, Ac Perspicvvs</kitodo:metadata>
                    <kitodo:metadata name="PlaceOfPublication">Bvdissae</kitodo:metadata>
                    <kitodo:metadata name="CatalogIDSource">1106334698</kitodo:metadata>
                    <kitodo:metadata name="singleDigCollection">Drucke des 18. Jahrhunderts</kitodo:metadata>
                    <kitodo:metadata name="TSL_ATS">CaelCaFeD</kitodo:metadata>
                    <kitodo:metadata name="shelfmarksource">4.A.1080,angeb.4</kitodo:metadata>
                    <kitodo:metadata name="CatalogIDDigital">1761630636</kitodo:metadata>
                    <kitodo:metadata name="TitleDocMainShort">Caelii Calcagnini Ferrariensis, De Evcharistia Sermo Brevis, Ac Perspicvvs</kitodo:metadata>
                    <kitodo:metadata name="PublisherName">Literis Richterianis</kitodo:metadata>
                    <kitodo:metadata name="DocLanguage">lat</kitodo:metadata>
                    <kitodo:metadataGroup name="Person">
                        <kitodo:metadata name="DisplayForm">Calcagnini, Celio</kitodo:metadata>
                        <kitodo:metadata name="RoleCode">aut</kitodo:metadata>
                        <kitodo:metadata name="RoleText">VerfasserIn</kitodo:metadata>
                        <kitodo:metadata name="LastName">Calcagnini</kitodo:metadata>
                        <kitodo:metadata name="IdentifierGNDURI">http://d-nb.info/gnd/119249316</kitodo:metadata>
                        <kitodo:metadata name="IdentifierGND">119249316</kitodo:metadata>
                        <kitodo:metadata name="IdentifierPPN">139559140</kitodo:metadata>
                        <kitodo:metadata name="Authority">gnd</kitodo:metadata>
                        <kitodo:metadata name="FirstName">Celio</kitodo:metadata>
                    </kitodo:metadataGroup>
                </kitodo:kitodo>
            </mets:xmlData>
        </mets:mdWrap>
    </mets:dmdSec>
    <mets:fileSec>
        <mets:fileGrp USE="DEFAULT">
            <mets:file ID="uuid-cf73e50a-19e6-42ac-ae48-2c55e68d06cf" MIMETYPE="image/jpeg">
                <mets:FLocat LOCTYPE="URL" xlink:href="jpgs/default/FILE_0014_ORIGINAL.jpg"/>
            </mets:file>
            <mets:file ID="uuid-aae47801-5ee8-488d-beb0-ade3295faf7d" MIMETYPE="image/jpeg">
                <mets:FLocat LOCTYPE="URL" xlink:href="jpgs/default/FILE_0013_ORIGINAL.jpg"/>
            </mets:file>
            <mets:file ID="uuid-bceb4acb-c7e1-4662-a056-264f491f47c8" MIMETYPE="image/jpeg">
                <mets:FLocat LOCTYPE="URL" xlink:href="jpgs/default/FILE_0010_ORIGINAL.jpg"/>
            </mets:file>
            <mets:file ID="uuid-64576a9a-bc33-41be-a395-621f49b3a55e" MIMETYPE="image/jpeg">
                <mets:FLocat LOCTYPE="URL" xlink:href="jpgs/default/FILE_0011_ORIGINAL.jpg"/>
            </mets:file>
            <mets:file ID="uuid-9147512c-80d1-47d3-afaf-61d2fa8391a9" MIMETYPE="image/jpeg">
                <mets:FLocat LOCTYPE="URL" xlink:href="jpgs/default/FILE_0012_ORIGINAL.jpg"/>
            </mets:file>
        </mets:fileGrp>
        <mets:fileGrp USE="MAX">
            <mets:file ID="uuid-900bf12d-2097-4d58-aedc-5bec65070c6c" MIMETYPE="image/jpeg">
                <mets:FLocat LOCTYPE="URL" xlink:href="jpgs/max/FILE_0012_ORIGINAL.jpg"/>
            </mets:file>
            <mets:file ID="uuid-3c35427d-1003-4156-b1f9-ecdd1643ce31" MIMETYPE="image/jpeg">
                <mets:FLocat LOCTYPE="URL" xlink:href="jpgs/max/FILE_0011_ORIGINAL.jpg"/>
            </mets:file>
            <mets:file ID="uuid-aa7c1ddc-51a4-40ad-8c1e-f09903347e41" MIMETYPE="image/jpeg">
                <mets:FLocat LOCTYPE="URL" xlink:href="jpgs/max/FILE_0013_ORIGINAL.jpg"/>
            </mets:file>
            <mets:file ID="uuid-220d3bc5-9ada-44d6-9c74-5d4b164fef2a" MIMETYPE="image/jpeg">
                <mets:FLocat LOCTYPE="URL" xlink:href="jpgs/max/FILE_0010_ORIGINAL.jpg"/>
            </mets:file>
            <mets:file ID="uuid-c8a9b854-c3f1-4054-990f-dcd82ccf9533" MIMETYPE="image/jpeg">
                <mets:FLocat LOCTYPE="URL" xlink:href="jpgs/max/FILE_0014_ORIGINAL.jpg"/>
            </mets:file>
        </mets:fileGrp>
        <mets:fileGrp USE="THUMBS">
            <mets:file ID="uuid-1fbb7e03-0ee6-43c5-b4fb-87908e96b842" MIMETYPE="image/jpeg">
                <mets:FLocat LOCTYPE="URL" xlink:href="jpgs/thumbs/FILE_0010_ORIGINAL.jpg"/>
            </mets:file>
            <mets:file ID="uuid-533fd20b-1509-448e-84e2-63d23c943906" MIMETYPE="image/jpeg">
                <mets:FLocat LOCTYPE="URL" xlink:href="jpgs/thumbs/FILE_0012_ORIGINAL.jpg"/>
            </mets:file>
            <mets:file ID="uuid-ebef5de7-0cd7-44fc-bca2-51253f54a97b" MIMETYPE="image/jpeg">
                <mets:FLocat LOCTYPE="URL" xlink:href="jpgs/thumbs/FILE_0011_ORIGINAL.jpg"/>
            </mets:file>
            <mets:file ID="uuid-bec7c954-8cb6-4c15-967c-b5e1ad99ad9b" MIMETYPE="image/jpeg">
                <mets:FLocat LOCTYPE="URL" xlink:href="jpgs/thumbs/FILE_0013_ORIGINAL.jpg"/>
            </mets:file>
            <mets:file ID="uuid-e52bd5ee-ba90-4c13-bb79-d88a17c2567f" MIMETYPE="image/jpeg">
                <mets:FLocat LOCTYPE="URL" xlink:href="jpgs/thumbs/FILE_0014_ORIGINAL.jpg"/>
            </mets:file>
        </mets:fileGrp>
    </mets:fileSec>
    <mets:structMap TYPE="PHYSICAL">
        <mets:div ID="uuid-0c0cac1f-c3d0-4f89-bbb7-63f0f7bddeec">
            <mets:div ID="uuid-90034d10-1aef-4143-b0eb-163dde699f00" TYPE="page" ORDER="1" ORDERLABEL=" - ">
                <mets:fptr FILEID="uuid-1fbb7e03-0ee6-43c5-b4fb-87908e96b842"/>
                <mets:fptr FILEID="uuid-220d3bc5-9ada-44d6-9c74-5d4b164fef2a"/>
                <mets:fptr FILEID="uuid-bceb4acb-c7e1-4662-a056-264f491f47c8"/>
            </mets:div>
            <mets:div ID="uuid-e598f97b-f095-404d-afec-333b89ee858e" TYPE="page" ORDER="2" ORDERLABEL=" - ">
                <mets:fptr FILEID="uuid-e52bd5ee-ba90-4c13-bb79-d88a17c2567f"/>
                <mets:fptr FILEID="uuid-c8a9b854-c3f1-4054-990f-dcd82ccf9533"/>
                <mets:fptr FILEID="uuid-cf73e50a-19e6-42ac-ae48-2c55e68d06cf"/>
            </mets:div>
            <mets:div ID="uuid-db5af7b9-cf7b-4b05-973f-27f4e4c33d9c" TYPE="page" ORDER="3" ORDERLABEL=" - ">
                <mets:fptr FILEID="uuid-bec7c954-8cb6-4c15-967c-b5e1ad99ad9b"/>
                <mets:fptr FILEID="uuid-aa7c1ddc-51a4-40ad-8c1e-f09903347e41"/>
                <mets:fptr FILEID="uuid-aae47801-5ee8-488d-beb0-ade3295faf7d"/>
            </mets:div>
            <mets:div ID="uuid-9c6c0a22-7a66-47a3-881f-07530e5aa917" TYPE="page" ORDER="4" ORDERLABEL=" - ">
                <mets:fptr FILEID="uuid-533fd20b-1509-448e-84e2-63d23c943906"/>
                <mets:fptr FILEID="uuid-900bf12d-2097-4d58-aedc-5bec65070c6c"/>
                <mets:fptr FILEID="uuid-9147512c-80d1-47d3-afaf-61d2fa8391a9"/>
            </mets:div>
            <mets:div ID="uuid-963197ad-82b2-45a4-9579-2bfbfb99d3a0" TYPE="page" ORDER="5" ORDERLABEL=" - ">
                <mets:fptr FILEID="uuid-ebef5de7-0cd7-44fc-bca2-51253f54a97b"/>
                <mets:fptr FILEID="uuid-3c35427d-1003-4156-b1f9-ecdd1643ce31"/>
                <mets:fptr FILEID="uuid-64576a9a-bc33-41be-a395-621f49b3a55e"/>
            </mets:div>
        </mets:div>
    </mets:structMap>
    <mets:structMap TYPE="LOGICAL">
        <mets:div ID="uuid-bdaab9c3-3deb-4400-86d9-8c5b9826f80f" DMDID="uuid-79f68a75-f3a4-3ca9-8159-8b95653a146c" TYPE="Monograph" ORDER="1" ORDERLABEL="Caelii Calcagnini Ferrariensis, De Evcharistia Sermo Brevis, Ac Perspicvvs" LABEL="Caelii Calcagnini Ferrariensis, De Evcharistia Sermo Brevis, Ac Perspicvvs">
            <mets:div ID="uuid-c69f6c19-a556-4f41-a9ea-a40dd67c87bc" TYPE="Chapter" ORDER="1"/>
        </mets:div>
    </mets:structMap>
    <mets:structLink>
        <mets:smLink xlink:to="uuid-90034d10-1aef-4143-b0eb-163dde699f00" xlink:from="uuid-c69f6c19-a556-4f41-a9ea-a40dd67c87bc"/>
        <mets:smLink xlink:to="uuid-e598f97b-f095-404d-afec-333b89ee858e" xlink:from="uuid-c69f6c19-a556-4f41-a9ea-a40dd67c87bc"/>
        <mets:smLink xlink:to="uuid-db5af7b9-cf7b-4b05-973f-27f4e4c33d9c" xlink:from="uuid-c69f6c19-a556-4f41-a9ea-a40dd67c87bc"/>
        <mets:smLink xlink:to="uuid-9c6c0a22-7a66-47a3-881f-07530e5aa917" xlink:from="uuid-c69f6c19-a556-4f41-a9ea-a40dd67c87bc"/>
        <mets:smLink xlink:to="uuid-963197ad-82b2-45a4-9579-2bfbfb99d3a0" xlink:from="uuid-c69f6c19-a556-4f41-a9ea-a40dd67c87bc"/>
    </mets:structLink>
</mets:mets>
