<?xml version='1.0' encoding='UTF-8' standalone='yes'?>
<alto xmlns:xsi="http://www.w3.org/2001/XMLSchema-instance" xmlns="http://www.loc.gov/standards/alto/ns-v4#" xsi:schemaLocation="http://www.loc.gov/standards/alto/ns-v4# http://www.loc.gov/standards/alto/v4/alto-4-2.xsd" SCHEMAVERSION="4.2">
  <Description>
    <MeasurementUnit>pixel</MeasurementUnit>
    <sourceImageInformation>
      <fileName>FILE_0014_ORIGINAL.jpg</fileName>
    </sourceImageInformation>
    <Processing ID="ocrd-tesserocr-recognize-0">
      <processingStepDescription>layout/segmentation/region</processingStepDescription>
      <processingStepSettings>{"segmentation_level": "region", "model": "frak2021", "dpi": "0", "padding": "0", "textequiv_level": "word", "overwrite_segments": "False", "overwrite_text": "True", "shrink_polygons": "False", "block_polygons": "False", "find_tables": "True", "find_staves": "False", "sparse_text": "False", "raw_lines": "False", "char_whitelist": "", "char_blacklist": "", "char_unblacklist": "", "tesseract_parameters": "{}", "xpath_parameters": "{}", "xpath_model": "{}", "auto_model": "False", "oem": "DEFAULT"}</processingStepSettings>
      <processingSoftware>
        <softwareName>ocrd-tesserocr-recognize</softwareName>
      </processingSoftware>
    </Processing>
  </Description>
  <Styles/>
  <Tags/>
  <Layout>
    <Page ID="OCR-D-OCR_0005" PHYSICAL_IMG_NR="0" WIDTH="1107" HEIGHT="1845">
      <PrintSpace VPOS="0" HPOS="0" HEIGHT="1845" WIDTH="1107">
        <Illustration ID="region0000" HEIGHT="49" WIDTH="862" HPOS="0" VPOS="1656" IDNEXT="region0001">
          <Shape>
            <Polygon POINTS="0,1656 862,1656 862,1705 0,1705"/>
          </Shape>
        </Illustration>
        <Illustration ID="region0001" HEIGHT="121" WIDTH="1107" HPOS="0" VPOS="0" IDNEXT="region0002">
          <Shape>
            <Polygon POINTS="0,0 1107,0 1107,121 0,121"/>
          </Shape>
        </Illustration>
        <Illustration ID="region0004" HEIGHT="26" WIDTH="370" HPOS="737" VPOS="95" IDNEXT="region0006">
          <Shape>
            <Polygon POINTS="737,95 1107,95 1107,121 737,121"/>
          </Shape>
        </Illustration>
        <Illustration ID="region0006" HEIGHT="189" WIDTH="1107" HPOS="0" VPOS="1656">
          <Shape>
            <Polygon POINTS="0,1656 1107,1656 1107,1845 0,1845"/>
          </Shape>
        </Illustration>
        <GraphicalElement ID="region0003" HEIGHT="19" WIDTH="748" HPOS="266" VPOS="182">
          <Shape>
            <Polygon POINTS="266,182 1014,182 1014,201 266,201"/>
          </Shape>
        </GraphicalElement>
        <GraphicalElement ID="region0005" HEIGHT="782" WIDTH="21" HPOS="1069" VPOS="61">
          <Shape>
            <Polygon POINTS="1069,61 1090,61 1090,843 1069,843"/>
          </Shape>
        </GraphicalElement>
        <TextBlock ID="region0002" HEIGHT="1538" WIDTH="787" HPOS="233" VPOS="126" IDNEXT="region0004">
          <Shape>
            <Polygon POINTS="233,126 1020,126 1020,1664 233,1664"/>
          </Shape>
          <TextLine ID="region0002_line0000" HEIGHT="62" WIDTH="467" HPOS="270" VPOS="126">
            <Shape>
              <Polygon POINTS="270,126 737,126 737,188 270,188"/>
            </Shape>
            <String ID="region0002_line0000_word0000" HEIGHT="29" WIDTH="40" HPOS="270" VPOS="135" CONTENT="2">
              <Shape>
                <Polygon POINTS="270,135 310,135 310,164 270,164"/>
              </Shape>
            </String>
            <SP/>
            <String ID="region0002_line0000_word0001" HEIGHT="62" WIDTH="200" HPOS="537" VPOS="126" CONTENT="EE">
              <Shape>
                <Polygon POINTS="537,126 737,126 737,188 537,188"/>
              </Shape>
            </String>
          </TextLine>
          <TextLine ID="region0002_line0001" HEIGHT="65" WIDTH="753" HPOS="267" VPOS="197">
            <Shape>
              <Polygon POINTS="267,197 1020,197 1020,262 267,262"/>
            </Shape>
            <String ID="region0002_line0001_word0000" HEIGHT="55" WIDTH="90" HPOS="267" VPOS="197" CONTENT="ejus">
              <Shape>
                <Polygon POINTS="267,197 357,197 357,252 267,252"/>
              </Shape>
            </String>
            <SP/>
            <String ID="region0002_line0001_word0001" HEIGHT="43" WIDTH="154" HPOS="373" VPOS="213" CONTENT="corpus">
              <Shape>
                <Polygon POINTS="373,213 527,213 527,256 373,256"/>
              </Shape>
            </String>
            <SP/>
            <String ID="region0002_line0001_word0002" HEIGHT="40" WIDTH="41" HPOS="546" VPOS="204" CONTENT="&amp;">
              <Shape>
                <Polygon POINTS="546,204 587,204 587,244 546,244"/>
              </Shape>
            </String>
            <SP/>
            <String ID="region0002_line0001_word0003" HEIGHT="40" WIDTH="164" HPOS="606" VPOS="206" CONTENT="animus">
              <Shape>
                <Polygon POINTS="606,206 770,206 770,246 606,246"/>
              </Shape>
            </String>
            <SP/>
            <String ID="region0002_line0001_word0004" HEIGHT="59" WIDTH="92" HPOS="785" VPOS="203" CONTENT="fierĩ">
              <Shape>
                <Polygon POINTS="785,203 877,203 877,262 785,262"/>
              </Shape>
            </String>
            <SP/>
            <String ID="region0002_line0001_word0005" HEIGHT="54" WIDTH="123" HPOS="897" VPOS="207" CONTENT="poſfit">
              <Shape>
                <Polygon POINTS="897,207 1020,207 1020,261 897,261"/>
              </Shape>
            </String>
          </TextLine>
          <TextLine ID="region0002_line0002" HEIGHT="66" WIDTH="754" HPOS="262" VPOS="252">
            <Shape>
              <Polygon POINTS="262,252 1016,252 1016,318 262,318"/>
            </Shape>
            <String ID="region0002_line0002_word0000" HEIGHT="46" WIDTH="152" HPOS="262" VPOS="252" CONTENT="Chriſti">
              <Shape>
                <Polygon POINTS="262,252 414,252 414,298 262,298"/>
              </Shape>
            </String>
            <SP/>
            <String ID="region0002_line0002_word0001" HEIGHT="54" WIDTH="329" HPOS="424" VPOS="260" CONTENT="acceptaculum,">
              <Shape>
                <Polygon POINTS="424,260 753,260 753,314 424,314"/>
              </Shape>
            </String>
            <SP/>
            <String ID="region0002_line0002_word0002" HEIGHT="41" WIDTH="42" HPOS="791" VPOS="263" CONTENT="&amp;">
              <Shape>
                <Polygon POINTS="791,263 833,263 833,304 791,304"/>
              </Shape>
            </String>
            <SP/>
            <String ID="region0002_line0002_word0003" HEIGHT="54" WIDTH="172" HPOS="844" VPOS="264" CONTENT="Spiritus">
              <Shape>
                <Polygon POINTS="844,264 1016,264 1016,318 844,318"/>
              </Shape>
            </String>
          </TextLine>
          <TextLine ID="region0002_line0003" HEIGHT="66" WIDTH="756" HPOS="262" VPOS="310">
            <Shape>
              <Polygon POINTS="262,310 1018,310 1018,376 262,376"/>
            </Shape>
            <String ID="region0002_line0003_word0000" HEIGHT="44" WIDTH="122" HPOS="262" VPOS="310" CONTENT="ſancti">
              <Shape>
                <Polygon POINTS="262,310 384,310 384,354 262,354"/>
              </Shape>
            </String>
            <SP/>
            <String ID="region0002_line0003_word0001" HEIGHT="50" WIDTH="284" HPOS="399" VPOS="312" CONTENT="diverſorium.">
              <Shape>
                <Polygon POINTS="399,312 683,312 683,362 399,362"/>
              </Shape>
            </String>
            <SP/>
            <String ID="region0002_line0003_word0002" HEIGHT="66" WIDTH="26" HPOS="726" VPOS="310" CONTENT="A">
              <Shape>
                <Polygon POINTS="752,310 726,310 726,376 752,376"/>
              </Shape>
            </String>
            <SP/>
            <String ID="region0002_line0003_word0003" HEIGHT="60" WIDTH="128" HPOS="780" VPOS="316" CONTENT="lioqui">
              <Shape>
                <Polygon POINTS="780,316 908,316 908,376 780,376"/>
              </Shape>
            </String>
            <SP/>
            <String ID="region0002_line0003_word0004" HEIGHT="42" WIDTH="27" HPOS="930" VPOS="321" CONTENT="ſi">
              <Shape>
                <Polygon POINTS="930,321 957,321 957,363 930,363"/>
              </Shape>
            </String>
            <SP/>
            <String ID="region0002_line0003_word0005" HEIGHT="41" WIDTH="50" HPOS="968" VPOS="322" CONTENT="ſe.">
              <Shape>
                <Polygon POINTS="968,322 1018,322 1018,363 968,363"/>
              </Shape>
            </String>
          </TextLine>
          <TextLine ID="region0002_line0004" HEIGHT="66" WIDTH="756" HPOS="259" VPOS="369">
            <Shape>
              <Polygon POINTS="259,369 1015,369 1015,435 259,435"/>
            </Shape>
            <String ID="region0002_line0004_word0000" HEIGHT="32" WIDTH="78" HPOS="259" VPOS="380" CONTENT="cus">
              <Shape>
                <Polygon POINTS="259,380 337,380 337,412 259,412"/>
              </Shape>
            </String>
            <SP/>
            <String ID="region0002_line0004_word0001" HEIGHT="52" WIDTH="195" HPOS="353" VPOS="369" CONTENT="fecerit,">
              <Shape>
                <Polygon POINTS="353,369 548,369 548,421 353,421"/>
              </Shape>
            </String>
            <SP/>
            <String ID="region0002_line0004_word0002" HEIGHT="66" WIDTH="38" HPOS="520" VPOS="369" CONTENT="id">
              <Shape>
                <Polygon POINTS="558,369 520,369 520,435 558,435"/>
              </Shape>
            </String>
            <SP/>
            <String ID="region0002_line0004_word0003" HEIGHT="39" WIDTH="37" HPOS="567" VPOS="376" CONTENT="ei">
              <Shape>
                <Polygon POINTS="567,376 604,376 604,415 567,415"/>
              </Shape>
            </String>
            <SP/>
            <String ID="region0002_line0004_word0004" HEIGHT="55" WIDTH="250" HPOS="621" VPOS="376" CONTENT="continget,">
              <Shape>
                <Polygon POINTS="621,376 871,376 871,431 621,431"/>
              </Shape>
            </String>
            <SP/>
            <String ID="region0002_line0004_word0005" HEIGHT="60" WIDTH="122" HPOS="893" VPOS="375" CONTENT="quod">
              <Shape>
                <Polygon POINTS="893,375 1015,375 1015,435 893,435"/>
              </Shape>
            </String>
          </TextLine>
          <TextLine ID="region0002_line0005" HEIGHT="61" WIDTH="754" HPOS="259" VPOS="429">
            <Shape>
              <Polygon POINTS="259,429 1013,429 1013,490 259,490"/>
            </Shape>
            <String ID="region0002_line0005_word0000" HEIGHT="31" WIDTH="105" HPOS="259" VPOS="437" CONTENT="auro">
              <Shape>
                <Polygon POINTS="259,437 364,437 364,468 259,468"/>
              </Shape>
            </String>
            <SP/>
            <String ID="region0002_line0005_word0001" HEIGHT="42" WIDTH="175" HPOS="381" VPOS="430" CONTENT="minime">
              <Shape>
                <Polygon POINTS="381,430 556,430 556,472 381,472"/>
              </Shape>
            </String>
            <SP/>
            <String ID="region0002_line0005_word0002" HEIGHT="55" WIDTH="158" HPOS="569" VPOS="429" CONTENT="obryzo">
              <Shape>
                <Polygon POINTS="569,429 727,429 727,484 569,484"/>
              </Shape>
            </String>
            <SP/>
            <String ID="region0002_line0005_word0003" HEIGHT="30" WIDTH="46" HPOS="748" VPOS="445" CONTENT="ac">
              <Shape>
                <Polygon POINTS="748,445 794,445 794,475 748,475"/>
              </Shape>
            </String>
            <SP/>
            <String ID="region0002_line0005_word0004" HEIGHT="59" WIDTH="205" HPOS="808" VPOS="431" CONTENT="depurga-">
              <Shape>
                <Polygon POINTS="808,431 1013,431 1013,490 808,490"/>
              </Shape>
            </String>
          </TextLine>
          <TextLine ID="region0002_line0006" HEIGHT="56" WIDTH="750" HPOS="261" VPOS="490">
            <Shape>
              <Polygon POINTS="261,490 1011,490 1011,546 261,546"/>
            </Shape>
            <String ID="region0002_line0006_word0000" HEIGHT="34" WIDTH="74" HPOS="261" VPOS="491" CONTENT="to:">
              <Shape>
                <Polygon POINTS="261,491 335,491 335,525 261,525"/>
              </Shape>
            </String>
            <SP/>
            <String ID="region0002_line0006_word0001" HEIGHT="50" WIDTH="309" HPOS="372" VPOS="490" CONTENT="quamprimum">
              <Shape>
                <Polygon POINTS="372,490 681,490 681,540 372,540"/>
              </Shape>
            </String>
            <SP/>
            <String ID="region0002_line0006_word0002" HEIGHT="40" WIDTH="108" HPOS="700" VPOS="490" CONTENT="enim">
              <Shape>
                <Polygon POINTS="700,490 808,490 808,530 700,530"/>
              </Shape>
            </String>
            <SP/>
            <String ID="region0002_line0006_word0003" HEIGHT="53" WIDTH="88" HPOS="830" VPOS="493" CONTENT="igni">
              <Shape>
                <Polygon POINTS="830,493 918,493 918,546 830,546"/>
              </Shape>
            </String>
            <SP/>
            <String ID="region0002_line0006_word0004" HEIGHT="43" WIDTH="70" HPOS="941" VPOS="492" CONTENT="ad-">
              <Shape>
                <Polygon POINTS="941,492 1011,492 1011,535 941,535"/>
              </Shape>
            </String>
          </TextLine>
          <TextLine ID="region0002_line0007" HEIGHT="57" WIDTH="751" HPOS="259" VPOS="546">
            <Shape>
              <Polygon POINTS="259,546 1010,546 1010,603 259,603"/>
            </Shape>
            <String ID="region0002_line0007_word0000" HEIGHT="31" WIDTH="202" HPOS="259" VPOS="551" CONTENT="movetur">
              <Shape>
                <Polygon POINTS="259,551 461,551 461,582 259,582"/>
              </Shape>
            </String>
            <SP/>
            <String ID="region0002_line0007_word0001" HEIGHT="29" WIDTH="69" HPOS="474" VPOS="554" CONTENT="aut">
              <Shape>
                <Polygon POINTS="474,554 543,554 543,583 474,583"/>
              </Shape>
            </String>
            <SP/>
            <String ID="region0002_line0007_word0002" HEIGHT="39" WIDTH="40" HPOS="562" VPOS="546" CONTENT="in">
              <Shape>
                <Polygon POINTS="562,546 602,546 602,585 562,585"/>
              </Shape>
            </String>
            <SP/>
            <String ID="region0002_line0007_word0003" HEIGHT="31" WIDTH="137" HPOS="621" VPOS="556" CONTENT="aerem">
              <Shape>
                <Polygon POINTS="621,556 758,556 758,587 621,587"/>
              </Shape>
            </String>
            <SP/>
            <String ID="region0002_line0007_word0004" HEIGHT="57" WIDTH="225" HPOS="785" VPOS="546" CONTENT="eliquatur-">
              <Shape>
                <Polygon POINTS="785,546 1010,546 1010,603 785,603"/>
              </Shape>
            </String>
          </TextLine>
          <TextLine ID="region0002_line0008" HEIGHT="55" WIDTH="751" HPOS="258" VPOS="596">
            <Shape>
              <Polygon POINTS="258,596 1009,596 1009,651 258,651"/>
            </Shape>
            <String ID="region0002_line0008_word0000" HEIGHT="51" WIDTH="70" HPOS="258" VPOS="596" CONTENT="vel">
              <Shape>
                <Polygon POINTS="258,596 328,596 328,647 258,647"/>
              </Shape>
            </String>
            <SP/>
            <String ID="region0002_line0008_word0001" HEIGHT="38" WIDTH="41" HPOS="344" VPOS="599" CONTENT="in">
              <Shape>
                <Polygon POINTS="344,599 385,599 385,637 344,637"/>
              </Shape>
            </String>
            <SP/>
            <String ID="region0002_line0008_word0002" HEIGHT="42" WIDTH="241" HPOS="395" VPOS="600" CONTENT="retrimenta">
              <Shape>
                <Polygon POINTS="395,600 636,600 636,642 395,642"/>
              </Shape>
            </String>
            <SP/>
            <String ID="region0002_line0008_word0003" HEIGHT="49" WIDTH="226" HPOS="648" VPOS="602" CONTENT="reſolvitur.">
              <Shape>
                <Polygon POINTS="648,602 874,602 874,651 648,651"/>
              </Shape>
            </String>
            <SP/>
            <String ID="region0002_line0008_word0004" HEIGHT="43" WIDTH="67" HPOS="942" VPOS="607" CONTENT="Sic">
              <Shape>
                <Polygon POINTS="942,607 1009,607 1009,650 942,650"/>
              </Shape>
            </String>
          </TextLine>
          <TextLine ID="region0002_line0009" HEIGHT="57" WIDTH="754" HPOS="255" VPOS="650">
            <Shape>
              <Polygon POINTS="255,650 1009,650 1009,707 255,707"/>
            </Shape>
            <String ID="region0002_line0009_word0000" HEIGHT="44" WIDTH="67" HPOS="255" VPOS="650" CONTENT="ille">
              <Shape>
                <Polygon POINTS="255,650 322,650 322,694 255,694"/>
              </Shape>
            </String>
            <SP/>
            <String ID="region0002_line0009_word0001" HEIGHT="54" WIDTH="106" HPOS="339" VPOS="653" CONTENT="quaſi">
              <Shape>
                <Polygon POINTS="339,653 445,653 445,707 339,707"/>
              </Shape>
            </String>
            <SP/>
            <String ID="region0002_line0009_word0002" HEIGHT="51" WIDTH="218" HPOS="458" VPOS="653" CONTENT="Tantalus,">
              <Shape>
                <Polygon POINTS="458,653 676,653 676,704 458,704"/>
              </Shape>
            </String>
            <SP/>
            <String ID="region0002_line0009_word0003" HEIGHT="57" WIDTH="39" HPOS="688" VPOS="650" CONTENT="ut">
              <Shape>
                <Polygon POINTS="727,650 688,650 688,707 727,707"/>
              </Shape>
            </String>
            <SP/>
            <String ID="region0002_line0009_word0004" HEIGHT="44" WIDTH="133" HPOS="731" VPOS="658" CONTENT="eſt">
              <Shape>
                <Polygon POINTS="731,658 864,658 864,702 731,702"/>
              </Shape>
            </String>
            <SP/>
            <String ID="region0002_line0009_word0005" HEIGHT="57" WIDTH="37" HPOS="830" VPOS="650" CONTENT="in">
              <Shape>
                <Polygon POINTS="867,650 830,650 830,707 867,707"/>
              </Shape>
            </String>
            <SP/>
            <String ID="region0002_line0009_word0006" HEIGHT="46" WIDTH="136" HPOS="873" VPOS="660" CONTENT="ethni-">
              <Shape>
                <Polygon POINTS="873,660 1009,660 1009,706 873,706"/>
              </Shape>
            </String>
          </TextLine>
          <TextLine ID="region0002_line0010" HEIGHT="65" WIDTH="751" HPOS="254" VPOS="708">
            <Shape>
              <Polygon POINTS="254,708 1005,708 1005,773 254,773"/>
            </Shape>
            <String ID="region0002_line0010_word0000" HEIGHT="30" WIDTH="151" HPOS="254" VPOS="720" CONTENT="corum">
              <Shape>
                <Polygon POINTS="254,720 405,720 405,750 254,750"/>
              </Shape>
            </String>
            <SP/>
            <String ID="region0002_line0010_word0001" HEIGHT="49" WIDTH="159" HPOS="416" VPOS="708" CONTENT="ſabulis,">
              <Shape>
                <Polygon POINTS="416,708 575,708 575,757 416,757"/>
              </Shape>
            </String>
            <SP/>
            <String ID="region0002_line0010_word0002" HEIGHT="29" WIDTH="22" HPOS="603" VPOS="726" CONTENT="a">
              <Shape>
                <Polygon POINTS="603,726 625,726 625,755 603,755"/>
              </Shape>
            </String>
            <SP/>
            <String ID="region0002_line0010_word0003" HEIGHT="42" WIDTH="190" HPOS="636" VPOS="715" CONTENT="Deorum">
              <Shape>
                <Polygon POINTS="636,715 826,715 826,757 636,757"/>
              </Shape>
            </String>
            <SP/>
            <String ID="region0002_line0010_word0004" HEIGHT="51" WIDTH="161" HPOS="844" VPOS="722" CONTENT="ſympo-">
              <Shape>
                <Polygon POINTS="844,722 1005,722 1005,773 844,773"/>
              </Shape>
            </String>
          </TextLine>
          <TextLine ID="region0002_line0011" HEIGHT="65" WIDTH="752" HPOS="251" VPOS="763">
            <Shape>
              <Polygon POINTS="251,763 1003,763 1003,828 251,828"/>
            </Shape>
            <String ID="region0002_line0011_word0000" HEIGHT="43" WIDTH="59" HPOS="251" VPOS="763" CONTENT="ſio">
              <Shape>
                <Polygon POINTS="251,763 310,763 310,806 251,806"/>
              </Shape>
            </String>
            <SP/>
            <String ID="region0002_line0011_word0001" HEIGHT="53" WIDTH="193" HPOS="327" VPOS="764" CONTENT="rejicitur.">
              <Shape>
                <Polygon POINTS="327,764 520,764 520,817 327,817"/>
              </Shape>
            </String>
            <SP/>
            <String ID="region0002_line0011_word0002" HEIGHT="48" WIDTH="136" HPOS="575" VPOS="770" CONTENT="Quare">
              <Shape>
                <Polygon POINTS="575,770 711,770 711,818 575,818"/>
              </Shape>
            </String>
            <SP/>
            <String ID="region0002_line0011_word0003" HEIGHT="54" WIDTH="188" HPOS="722" VPOS="774" CONTENT="inprimis">
              <Shape>
                <Polygon POINTS="722,774 910,774 910,828 722,828"/>
              </Shape>
            </String>
            <SP/>
            <String ID="region0002_line0011_word0004" HEIGHT="40" WIDTH="74" HPOS="929" VPOS="779" CONTENT="ſe.">
              <Shape>
                <Polygon POINTS="929,779 1003,779 1003,819 929,819"/>
              </Shape>
            </String>
          </TextLine>
          <TextLine ID="region0002_line0012" HEIGHT="54" WIDTH="753" HPOS="250" VPOS="821">
            <Shape>
              <Polygon POINTS="250,821 1003,821 1003,875 250,875"/>
            </Shape>
            <String ID="region0002_line0012_word0000" HEIGHT="52" WIDTH="175" HPOS="250" VPOS="823" CONTENT="quisque">
              <Shape>
                <Polygon POINTS="250,823 425,823 425,875 250,875"/>
              </Shape>
            </String>
            <SP/>
            <String ID="region0002_line0012_word0001" HEIGHT="43" WIDTH="50" HPOS="441" VPOS="821" CONTENT="ad">
              <Shape>
                <Polygon POINTS="441,821 491,821 491,864 441,864"/>
              </Shape>
            </String>
            <SP/>
            <String ID="region0002_line0012_word0002" HEIGHT="44" WIDTH="270" HPOS="509" VPOS="825" CONTENT="conſcientiae">
              <Shape>
                <Polygon POINTS="509,825 779,825 779,869 509,869"/>
              </Shape>
            </String>
            <SP/>
            <String ID="region0002_line0012_word0003" HEIGHT="38" WIDTH="88" HPOS="796" VPOS="833" CONTENT="ſuae">
              <Shape>
                <Polygon POINTS="796,833 884,833 884,871 796,871"/>
              </Shape>
            </String>
            <SP/>
            <String ID="region0002_line0012_word0004" HEIGHT="38" WIDTH="99" HPOS="904" VPOS="835" CONTENT="coti.">
              <Shape>
                <Polygon POINTS="904,835 1003,835 1003,873 904,873"/>
              </Shape>
            </String>
          </TextLine>
          <TextLine ID="region0002_line0013" HEIGHT="57" WIDTH="750" HPOS="250" VPOS="876">
            <Shape>
              <Polygon POINTS="250,876 1000,876 1000,933 250,933"/>
            </Shape>
            <String ID="region0002_line0013_word0000" HEIGHT="42" WIDTH="135" HPOS="250" VPOS="876" CONTENT="culam">
              <Shape>
                <Polygon POINTS="250,876 385,876 385,918 250,918"/>
              </Shape>
            </String>
            <SP/>
            <String ID="region0002_line0013_word0001" HEIGHT="50" WIDTH="244" HPOS="396" VPOS="883" CONTENT="experiatur,">
              <Shape>
                <Polygon POINTS="396,883 640,883 640,933 396,933"/>
              </Shape>
            </String>
            <SP/>
            <String ID="region0002_line0013_word0002" HEIGHT="40" WIDTH="40" HPOS="671" VPOS="884" CONTENT="&amp;">
              <Shape>
                <Polygon POINTS="671,884 711,884 711,924 671,924"/>
              </Shape>
            </String>
            <SP/>
            <String ID="region0002_line0013_word0003" HEIGHT="32" WIDTH="89" HPOS="722" VPOS="894" CONTENT="tum">
              <Shape>
                <Polygon POINTS="722,894 811,894 811,926 722,926"/>
              </Shape>
            </String>
            <SP/>
            <String ID="region0002_line0013_word0004" HEIGHT="45" WIDTH="174" HPOS="826" VPOS="885" CONTENT="demum">
              <Shape>
                <Polygon POINTS="826,885 1000,885 1000,930 826,930"/>
              </Shape>
            </String>
          </TextLine>
          <TextLine ID="region0002_line0014" HEIGHT="58" WIDTH="753" HPOS="247" VPOS="932">
            <Shape>
              <Polygon POINTS="247,932 1000,932 1000,990 247,990"/>
            </Shape>
            <String ID="region0002_line0014_word0000" HEIGHT="43" WIDTH="147" HPOS="247" VPOS="932" CONTENT="audeat">
              <Shape>
                <Polygon POINTS="247,932 394,932 394,975 247,975"/>
              </Shape>
            </String>
            <SP/>
            <String ID="region0002_line0014_word0001" HEIGHT="53" WIDTH="137" HPOS="409" VPOS="937" CONTENT="regio,">
              <Shape>
                <Polygon POINTS="409,937 546,937 546,990 409,990"/>
              </Shape>
            </String>
            <SP/>
            <String ID="region0002_line0014_word0002" HEIGHT="40" WIDTH="133" HPOS="579" VPOS="940" CONTENT="immo">
              <Shape>
                <Polygon POINTS="579,940 712,940 712,980 579,980"/>
              </Shape>
            </String>
            <SP/>
            <String ID="region0002_line0014_word0003" HEIGHT="46" WIDTH="142" HPOS="732" VPOS="938" CONTENT="divino">
              <Shape>
                <Polygon POINTS="732,938 874,938 874,984 732,984"/>
              </Shape>
            </String>
            <SP/>
            <String ID="region0002_line0014_word0004" HEIGHT="30" WIDTH="102" HPOS="898" VPOS="956" CONTENT="con-">
              <Shape>
                <Polygon POINTS="898,956 1000,956 1000,986 898,986"/>
              </Shape>
            </String>
          </TextLine>
          <TextLine ID="region0002_line0015" HEIGHT="65" WIDTH="756" HPOS="244" VPOS="990">
            <Shape>
              <Polygon POINTS="244,990 1000,990 1000,1055 244,1055"/>
            </Shape>
            <String ID="region0002_line0015_word0000" HEIGHT="42" WIDTH="118" HPOS="244" VPOS="990" CONTENT="vivio">
              <Shape>
                <Polygon POINTS="244,990 362,990 362,1032 244,1032"/>
              </Shape>
            </String>
            <SP/>
            <String ID="region0002_line0015_word0001" HEIGHT="53" WIDTH="309" HPOS="375" VPOS="992" CONTENT="praeſentare,">
              <Shape>
                <Polygon POINTS="375,992 684,992 684,1045 375,1045"/>
              </Shape>
            </String>
            <SP/>
            <String ID="region0002_line0015_word0002" HEIGHT="65" WIDTH="26" HPOS="665" VPOS="990" CONTENT="&amp;">
              <Shape>
                <Polygon POINTS="691,990 665,990 665,1055 691,1055"/>
              </Shape>
            </String>
            <SP/>
            <String ID="region0002_line0015_word0003" HEIGHT="32" WIDTH="96" HPOS="701" VPOS="1007" CONTENT="cum">
              <Shape>
                <Polygon POINTS="701,1007 797,1007 797,1039 701,1039"/>
              </Shape>
            </String>
            <SP/>
            <String ID="region0002_line0015_word0004" HEIGHT="53" WIDTH="86" HPOS="817" VPOS="1001" CONTENT="ipſo">
              <Shape>
                <Polygon POINTS="817,1001 903,1001 903,1054 817,1054"/>
              </Shape>
            </String>
            <SP/>
            <String ID="region0002_line0015_word0005" HEIGHT="56" WIDTH="85" HPOS="915" VPOS="999" CONTENT="pla-">
              <Shape>
                <Polygon POINTS="915,999 1000,999 1000,1055 915,1055"/>
              </Shape>
            </String>
          </TextLine>
          <TextLine ID="region0002_line0016" HEIGHT="63" WIDTH="749" HPOS="247" VPOS="1045">
            <Shape>
              <Polygon POINTS="247,1045 996,1045 996,1108 247,1108"/>
            </Shape>
            <String ID="region0002_line0016_word0000" HEIGHT="30" WIDTH="55" HPOS="247" VPOS="1056" CONTENT="ne">
              <Shape>
                <Polygon POINTS="247,1056 302,1056 302,1086 247,1086"/>
              </Shape>
            </String>
            <SP/>
            <String ID="region0002_line0016_word0001" HEIGHT="42" WIDTH="89" HPOS="320" VPOS="1045" CONTENT="Deo">
              <Shape>
                <Polygon POINTS="320,1045 409,1045 409,1087 320,1087"/>
              </Shape>
            </String>
            <SP/>
            <String ID="region0002_line0016_word0002" HEIGHT="42" WIDTH="242" HPOS="419" VPOS="1050" CONTENT="accumbere">
              <Shape>
                <Polygon POINTS="419,1050 661,1050 661,1092 419,1092"/>
              </Shape>
            </String>
            <SP/>
            <String ID="region0002_line0016_word0003" HEIGHT="54" WIDTH="166" HPOS="727" VPOS="1054" CONTENT="quando">
              <Shape>
                <Polygon POINTS="727,1054 893,1054 893,1108 727,1108"/>
              </Shape>
            </String>
            <SP/>
            <String ID="region0002_line0016_word0004" HEIGHT="29" WIDTH="80" HPOS="916" VPOS="1069" CONTENT="nos">
              <Shape>
                <Polygon POINTS="916,1069 996,1069 996,1098 916,1098"/>
              </Shape>
            </String>
          </TextLine>
          <TextLine ID="region0002_line0017" HEIGHT="61" WIDTH="754" HPOS="245" VPOS="1099">
            <Shape>
              <Polygon POINTS="245,1099 999,1099 999,1160 245,1160"/>
            </Shape>
            <String ID="region0002_line0017_word0000" HEIGHT="45" WIDTH="188" HPOS="245" VPOS="1099" CONTENT="Chriſtus">
              <Shape>
                <Polygon POINTS="245,1099 433,1099 433,1144 245,1144"/>
              </Shape>
            </String>
            <SP/>
            <String ID="region0002_line0017_word0001" HEIGHT="58" WIDTH="167" HPOS="451" VPOS="1102" CONTENT="quidem">
              <Shape>
                <Polygon POINTS="451,1102 618,1102 618,1160 451,1160"/>
              </Shape>
            </String>
            <SP/>
            <String ID="region0002_line0017_word0002" HEIGHT="35" WIDTH="207" HPOS="638" VPOS="1118" CONTENT="merentes">
              <Shape>
                <Polygon POINTS="638,1118 845,1118 845,1153 638,1153"/>
              </Shape>
            </String>
            <SP/>
            <String ID="region0002_line0017_word0003" HEIGHT="45" WIDTH="66" HPOS="871" VPOS="1110" CONTENT="ſed">
              <Shape>
                <Polygon POINTS="871,1110 937,1110 937,1155 871,1155"/>
              </Shape>
            </String>
            <SP/>
            <String ID="region0002_line0017_word0004" HEIGHT="41" WIDTH="48" HPOS="951" VPOS="1112" CONTENT="il-">
              <Shape>
                <Polygon POINTS="951,1112 999,1112 999,1153 951,1153"/>
              </Shape>
            </String>
          </TextLine>
          <TextLine ID="region0002_line0018" HEIGHT="66" WIDTH="754" HPOS="242" VPOS="1155">
            <Shape>
              <Polygon POINTS="242,1155 996,1155 996,1221 242,1221"/>
            </Shape>
            <String ID="region0002_line0018_word0000" HEIGHT="44" WIDTH="146" HPOS="242" VPOS="1155" CONTENT="luſtres">
              <Shape>
                <Polygon POINTS="242,1155 388,1155 388,1199 242,1199"/>
              </Shape>
            </String>
            <SP/>
            <String ID="region0002_line0018_word0001" HEIGHT="46" WIDTH="146" HPOS="408" VPOS="1158" CONTENT="divinis">
              <Shape>
                <Polygon POINTS="408,1158 554,1158 554,1204 408,1204"/>
              </Shape>
            </String>
            <SP/>
            <String ID="region0002_line0018_word0002" HEIGHT="55" WIDTH="129" HPOS="572" VPOS="1163" CONTENT="epulis">
              <Shape>
                <Polygon POINTS="572,1163 701,1163 701,1218 572,1218"/>
              </Shape>
            </String>
            <SP/>
            <String ID="region0002_line0018_word0003" HEIGHT="59" WIDTH="191" HPOS="723" VPOS="1162" CONTENT="dignatus">
              <Shape>
                <Polygon POINTS="723,1162 914,1162 914,1221 723,1221"/>
              </Shape>
            </String>
            <SP/>
            <String ID="region0002_line0018_word0004" HEIGHT="43" WIDTH="59" HPOS="937" VPOS="1169" CONTENT="eſt">
              <Shape>
                <Polygon POINTS="937,1169 996,1169 996,1212 937,1212"/>
              </Shape>
            </String>
          </TextLine>
          <TextLine ID="region0002_line0019" HEIGHT="58" WIDTH="755" HPOS="238" VPOS="1211">
            <Shape>
              <Polygon POINTS="238,1211 993,1211 993,1269 238,1269"/>
            </Shape>
            <String ID="region0002_line0019_word0000" HEIGHT="58" WIDTH="235" HPOS="238" VPOS="1211" CONTENT="honeſtare.">
              <Shape>
                <Polygon POINTS="238,1211 473,1211 473,1269 238,1269"/>
              </Shape>
            </String>
            <SP/>
            <String ID="region0002_line0019_word0001" HEIGHT="49" WIDTH="142" HPOS="530" VPOS="1219" CONTENT="Quum">
              <Shape>
                <Polygon POINTS="530,1219 672,1219 672,1268 530,1268"/>
              </Shape>
            </String>
            <SP/>
            <String ID="region0002_line0019_word0002" HEIGHT="31" WIDTH="105" HPOS="685" VPOS="1233" CONTENT="vero">
              <Shape>
                <Polygon POINTS="685,1233 790,1233 790,1264 685,1264"/>
              </Shape>
            </String>
            <SP/>
            <String ID="region0002_line0019_word0003" HEIGHT="43" WIDTH="41" HPOS="802" VPOS="1222" CONTENT="hi">
              <Shape>
                <Polygon POINTS="802,1222 843,1222 843,1265 802,1265"/>
              </Shape>
            </String>
            <SP/>
            <String ID="region0002_line0019_word0004" HEIGHT="39" WIDTH="138" HPOS="855" VPOS="1228" CONTENT="carnei">
              <Shape>
                <Polygon POINTS="855,1228 993,1228 993,1267 855,1267"/>
              </Shape>
            </String>
          </TextLine>
          <TextLine ID="region0002_line0020" HEIGHT="62" WIDTH="755" HPOS="241" VPOS="1271">
            <Shape>
              <Polygon POINTS="241,1271 996,1271 996,1333 241,1333"/>
            </Shape>
            <String ID="region0002_line0020_word0000" HEIGHT="41" WIDTH="111" HPOS="241" VPOS="1271" CONTENT="oculi">
              <Shape>
                <Polygon POINTS="241,1271 352,1271 352,1312 241,1312"/>
              </Shape>
            </String>
            <SP/>
            <String ID="region0002_line0020_word0001" HEIGHT="62" WIDTH="138" HPOS="371" VPOS="1271" CONTENT="noſtri,">
              <Shape>
                <Polygon POINTS="509,1271 371,1271 371,1333 509,1333"/>
              </Shape>
            </String>
            <SP/>
            <String ID="region0002_line0020_word0002" HEIGHT="62" WIDTH="135" HPOS="540" VPOS="1271" CONTENT="mortali">
              <Shape>
                <Polygon POINTS="675,1271 540,1271 540,1333 675,1333"/>
              </Shape>
            </String>
            <SP/>
            <String ID="region0002_line0020_word0003" HEIGHT="56" WIDTH="168" HPOS="693" VPOS="1277" CONTENT="caligine">
              <Shape>
                <Polygon POINTS="693,1277 861,1277 861,1333 693,1333"/>
              </Shape>
            </String>
            <SP/>
            <String ID="region0002_line0020_word0004" HEIGHT="46" WIDTH="126" HPOS="870" VPOS="1278" CONTENT="hebe-">
              <Shape>
                <Polygon POINTS="870,1278 996,1278 996,1324 870,1324"/>
              </Shape>
            </String>
          </TextLine>
          <TextLine ID="region0002_line0021" HEIGHT="64" WIDTH="756" HPOS="238" VPOS="1327">
            <Shape>
              <Polygon POINTS="238,1327 994,1327 994,1391 238,1391"/>
            </Shape>
            <String ID="region0002_line0021_word0000" HEIGHT="40" WIDTH="79" HPOS="238" VPOS="1334" CONTENT="tes,">
              <Shape>
                <Polygon POINTS="238,1334 317,1334 317,1374 238,1374"/>
              </Shape>
            </String>
            <SP/>
            <String ID="region0002_line0021_word0001" HEIGHT="55" WIDTH="129" HPOS="337" VPOS="1327" CONTENT="tantam">
              <Shape>
                <Polygon POINTS="337,1382 466,1382 466,1327 337,1327"/>
              </Shape>
            </String>
            <SP/>
            <String ID="region0002_line0021_word0002" HEIGHT="50" WIDTH="231" HPOS="497" VPOS="1327" CONTENT="divitiarum">
              <Shape>
                <Polygon POINTS="497,1327 728,1327 728,1377 497,1377"/>
              </Shape>
            </String>
            <SP/>
            <String ID="region0002_line0021_word0003" HEIGHT="55" WIDTH="239" HPOS="755" VPOS="1336" CONTENT="amplitudi-">
              <Shape>
                <Polygon POINTS="755,1336 994,1336 994,1391 755,1391"/>
              </Shape>
            </String>
          </TextLine>
          <TextLine ID="region0002_line0022" HEIGHT="56" WIDTH="755" HPOS="238" VPOS="1388">
            <Shape>
              <Polygon POINTS="238,1388 993,1388 993,1444 238,1444"/>
            </Shape>
            <String ID="region0002_line0022_word0000" HEIGHT="56" WIDTH="103" HPOS="238" VPOS="1388" CONTENT="nem,">
              <Shape>
                <Polygon POINTS="341,1388 238,1388 238,1444 341,1444"/>
              </Shape>
            </String>
            <SP/>
            <String ID="region0002_line0022_word0001" HEIGHT="53" WIDTH="174" HPOS="362" VPOS="1388" CONTENT="tantique">
              <Shape>
                <Polygon POINTS="362,1388 536,1388 536,1441 362,1441"/>
              </Shape>
            </String>
            <SP/>
            <String ID="region0002_line0022_word0002" HEIGHT="46" WIDTH="219" HPOS="554" VPOS="1398" CONTENT="apparatus">
              <Shape>
                <Polygon POINTS="554,1398 773,1398 773,1444 554,1444"/>
              </Shape>
            </String>
            <SP/>
            <String ID="region0002_line0022_word0003" HEIGHT="44" WIDTH="203" HPOS="790" VPOS="1393" CONTENT="excellen-">
              <Shape>
                <Polygon POINTS="790,1393 993,1393 993,1437 790,1437"/>
              </Shape>
            </String>
          </TextLine>
          <TextLine ID="region0002_line0023" HEIGHT="62" WIDTH="760" HPOS="233" VPOS="1439">
            <Shape>
              <Polygon POINTS="233,1439 993,1439 993,1501 233,1501"/>
            </Shape>
            <String ID="region0002_line0023_word0000" HEIGHT="42" WIDTH="100" HPOS="233" VPOS="1439" CONTENT="tiam">
              <Shape>
                <Polygon POINTS="233,1439 333,1439 333,1481 233,1481"/>
              </Shape>
            </String>
            <SP/>
            <String ID="region0002_line0023_word0001" HEIGHT="45" WIDTH="206" HPOS="351" VPOS="1452" CONTENT="nequeant">
              <Shape>
                <Polygon POINTS="351,1452 557,1452 557,1497 351,1497"/>
              </Shape>
            </String>
            <SP/>
            <String ID="region0002_line0023_word0002" HEIGHT="56" WIDTH="285" HPOS="572" VPOS="1445" CONTENT="introſpicere,">
              <Shape>
                <Polygon POINTS="572,1445 857,1445 857,1501 572,1501"/>
              </Shape>
            </String>
            <SP/>
            <String ID="region0002_line0023_word0003" HEIGHT="44" WIDTH="53" HPOS="880" VPOS="1449" CONTENT="ad">
              <Shape>
                <Polygon POINTS="880,1449 933,1449 933,1493 880,1493"/>
              </Shape>
            </String>
            <SP/>
            <String ID="region0002_line0023_word0004" HEIGHT="44" WIDTH="46" HPOS="947" VPOS="1449" CONTENT="fi-">
              <Shape>
                <Polygon POINTS="947,1449 993,1449 993,1493 947,1493"/>
              </Shape>
            </String>
          </TextLine>
          <TextLine ID="region0002_line0024" HEIGHT="70" WIDTH="757" HPOS="236" VPOS="1492">
            <Shape>
              <Polygon POINTS="236,1492 993,1492 993,1562 236,1562"/>
            </Shape>
            <String ID="region0002_line0024_word0000" HEIGHT="46" WIDTH="101" HPOS="236" VPOS="1492" CONTENT="dem">
              <Shape>
                <Polygon POINTS="236,1492 337,1492 337,1538 236,1538"/>
              </Shape>
            </String>
            <SP/>
            <String ID="region0002_line0024_word0001" HEIGHT="42" WIDTH="140" HPOS="355" VPOS="1501" CONTENT="rurſus">
              <Shape>
                <Polygon POINTS="355,1501 495,1501 495,1543 355,1543"/>
              </Shape>
            </String>
            <SP/>
            <String ID="region0002_line0024_word0002" HEIGHT="45" WIDTH="122" HPOS="522" VPOS="1500" CONTENT="nobis">
              <Shape>
                <Polygon POINTS="522,1500 644,1500 644,1545 522,1545"/>
              </Shape>
            </String>
            <SP/>
            <String ID="region0002_line0024_word0003" HEIGHT="44" WIDTH="59" HPOS="678" VPOS="1502" CONTENT="eſt">
              <Shape>
                <Polygon POINTS="678,1502 737,1502 737,1546 678,1546"/>
              </Shape>
            </String>
            <SP/>
            <String ID="region0002_line0024_word0004" HEIGHT="43" WIDTH="232" HPOS="761" VPOS="1519" CONTENT="provocan-">
              <Shape>
                <Polygon POINTS="761,1519 993,1519 993,1562 761,1562"/>
              </Shape>
            </String>
          </TextLine>
          <TextLine ID="region0002_line0025" HEIGHT="80" WIDTH="755" HPOS="235" VPOS="1548">
            <Shape>
              <Polygon POINTS="235,1548 990,1548 990,1628 235,1628"/>
            </Shape>
            <String ID="region0002_line0025_word0000" HEIGHT="60" WIDTH="137" HPOS="235" VPOS="1548" CONTENT="dumj">
              <Shape>
                <Polygon POINTS="235,1548 372,1548 372,1608 235,1608"/>
              </Shape>
            </String>
            <SP/>
            <String ID="region0002_line0025_word0001" HEIGHT="57" WIDTH="119" HPOS="377" VPOS="1555" CONTENT="quæ">
              <Shape>
                <Polygon POINTS="377,1555 496,1555 496,1612 377,1612"/>
              </Shape>
            </String>
            <SP/>
            <String ID="region0002_line0025_word0002" HEIGHT="46" WIDTH="111" HPOS="504" VPOS="1557" CONTENT="velut">
              <Shape>
                <Polygon POINTS="504,1557 615,1557 615,1603 504,1603"/>
              </Shape>
            </String>
            <SP/>
            <String ID="region0002_line0025_word0003" HEIGHT="48" WIDTH="162" HPOS="649" VPOS="1560" CONTENT="Minerva">
              <Shape>
                <Polygon POINTS="649,1560 811,1560 811,1608 649,1608"/>
              </Shape>
            </String>
            <SP/>
            <String ID="region0002_line0025_word0004" HEIGHT="56" WIDTH="66" HPOS="825" VPOS="1564" CONTENT="illa">
              <Shape>
                <Polygon POINTS="825,1564 891,1564 891,1620 825,1620"/>
              </Shape>
            </String>
            <SP/>
            <String ID="region0002_line0025_word0005" HEIGHT="64" WIDTH="92" HPOS="898" VPOS="1564" CONTENT="Ho-">
              <Shape>
                <Polygon POINTS="898,1564 990,1564 990,1628 898,1628"/>
              </Shape>
            </String>
          </TextLine>
          <TextLine ID="region0002_line0026" HEIGHT="33" WIDTH="126" HPOS="862" VPOS="1631">
            <Shape>
              <Polygon POINTS="862,1631 988,1631 988,1664 862,1664"/>
            </Shape>
            <String ID="region0002_line0026_word0000" HEIGHT="33" WIDTH="126" HPOS="862" VPOS="1631" CONTENT="meri-">
              <Shape>
                <Polygon POINTS="862,1631 988,1631 988,1664 862,1664"/>
              </Shape>
            </String>
          </TextLine>
        </TextBlock>
      </PrintSpace>
    </Page>
  </Layout>
</alto>
