<?xml version='1.0' encoding='UTF-8' standalone='yes'?>
<alto xmlns:xsi="http://www.w3.org/2001/XMLSchema-instance" xmlns="http://www.loc.gov/standards/alto/ns-v4#" xsi:schemaLocation="http://www.loc.gov/standards/alto/ns-v4# http://www.loc.gov/standards/alto/v4/alto-4-2.xsd" SCHEMAVERSION="4.2">
  <Description>
    <MeasurementUnit>pixel</MeasurementUnit>
    <sourceImageInformation>
      <fileName>FILE_0010_ORIGINAL.jpg</fileName>
    </sourceImageInformation>
    <Processing ID="ocrd-tesserocr-recognize-0">
      <processingStepDescription>layout/segmentation/region</processingStepDescription>
      <processingStepSettings>{"segmentation_level": "region", "model": "frak2021", "dpi": "0", "padding": "0", "textequiv_level": "word", "overwrite_segments": "False", "overwrite_text": "True", "shrink_polygons": "False", "block_polygons": "False", "find_tables": "True", "find_staves": "False", "sparse_text": "False", "raw_lines": "False", "char_whitelist": "", "char_blacklist": "", "char_unblacklist": "", "tesseract_parameters": "{}", "xpath_parameters": "{}", "xpath_model": "{}", "auto_model": "False", "oem": "DEFAULT"}</processingStepSettings>
      <processingSoftware>
        <softwareName>ocrd-tesserocr-recognize</softwareName>
      </processingSoftware>
    </Processing>
  </Description>
  <Styles/>
  <Tags/>
  <Layout>
    <Page ID="OCR-D-OCR_0001" PHYSICAL_IMG_NR="0" WIDTH="1107" HEIGHT="1845">
      <PrintSpace VPOS="0" HPOS="0" HEIGHT="1845" WIDTH="1107">
        <Illustration ID="region0003" HEIGHT="132" WIDTH="298" HPOS="809" VPOS="10" IDNEXT="region0004">
          <Shape>
            <Polygon POINTS="809,10 1107,10 1107,142 809,142"/>
          </Shape>
        </Illustration>
        <Illustration ID="region0004" HEIGHT="86" WIDTH="1107" HPOS="0" VPOS="0" IDNEXT="region0006">
          <Shape>
            <Polygon POINTS="0,0 1107,0 1107,86 0,86"/>
          </Shape>
        </Illustration>
        <Illustration ID="region0006" HEIGHT="117" WIDTH="26" HPOS="1081" VPOS="1236" IDNEXT="region0008">
          <Shape>
            <Polygon POINTS="1081,1236 1107,1236 1107,1353 1081,1353"/>
          </Shape>
        </Illustration>
        <Illustration ID="region0008" HEIGHT="211" WIDTH="26" HPOS="1081" VPOS="1353" IDNEXT="region0009">
          <Shape>
            <Polygon POINTS="1081,1353 1107,1353 1107,1564 1081,1564"/>
          </Shape>
        </Illustration>
        <Illustration ID="region0009" HEIGHT="109" WIDTH="130" HPOS="977" VPOS="1564">
          <Shape>
            <Polygon POINTS="977,1564 1107,1564 1107,1673 977,1673"/>
          </Shape>
        </Illustration>
        <GraphicalElement ID="region0001" HEIGHT="13" WIDTH="417" HPOS="291" VPOS="159">
          <Shape>
            <Polygon POINTS="291,159 708,159 708,172 291,172"/>
          </Shape>
        </GraphicalElement>
        <GraphicalElement ID="region0002" HEIGHT="14" WIDTH="313" HPOS="721" VPOS="171">
          <Shape>
            <Polygon POINTS="721,171 1034,171 1034,185 721,185"/>
          </Shape>
        </GraphicalElement>
        <GraphicalElement ID="region0005" HEIGHT="376" WIDTH="14" HPOS="1083" VPOS="54">
          <Shape>
            <Polygon POINTS="1083,54 1097,54 1097,430 1083,430"/>
          </Shape>
        </GraphicalElement>
        <GraphicalElement ID="region0007" HEIGHT="773" WIDTH="15" HPOS="1082" VPOS="627">
          <Shape>
            <Polygon POINTS="1082,627 1097,627 1097,1400 1082,1400"/>
          </Shape>
        </GraphicalElement>
        <TextBlock ID="region0000" HEIGHT="1545" WIDTH="815" HPOS="223" VPOS="105" IDNEXT="region0003">
          <Shape>
            <Polygon POINTS="223,105 1038,105 1038,1650 223,1650"/>
          </Shape>
          <TextLine ID="region0000_line0000" HEIGHT="86" WIDTH="745" HPOS="288" VPOS="105">
            <Shape>
              <Polygon POINTS="288,105 1033,105 1033,191 288,191"/>
            </Shape>
            <String ID="region0000_line0000_word0000" HEIGHT="64" WIDTH="521" HPOS="288" VPOS="105" CONTENT="8..—">
              <Shape>
                <Polygon POINTS="288,105 809,105 809,169 288,169"/>
              </Shape>
            </String>
            <SP/>
            <String ID="region0000_line0000_word0001" HEIGHT="6" WIDTH="35" HPOS="998" VPOS="185" CONTENT="——">
              <Shape>
                <Polygon POINTS="998,185 1033,185 1033,191 998,191"/>
              </Shape>
            </String>
          </TextLine>
          <TextLine ID="region0000_line0001" HEIGHT="63" WIDTH="760" HPOS="278" VPOS="173">
            <Shape>
              <Polygon POINTS="278,173 1038,173 1038,236 278,236"/>
            </Shape>
            <String ID="region0000_line0001_word0000" HEIGHT="30" WIDTH="72" HPOS="278" VPOS="184" CONTENT="ma">
              <Shape>
                <Polygon POINTS="278,184 350,184 350,214 278,214"/>
              </Shape>
            </String>
            <SP/>
            <String ID="region0000_line0001_word0001" HEIGHT="43" WIDTH="76" HPOS="368" VPOS="173" CONTENT="eſſe">
              <Shape>
                <Polygon POINTS="368,173 444,173 444,216 368,216"/>
              </Shape>
            </String>
            <SP/>
            <String ID="region0000_line0001_word0002" HEIGHT="39" WIDTH="140" HPOS="462" VPOS="183" CONTENT="omnia">
              <Shape>
                <Polygon POINTS="462,183 602,183 602,222 462,222"/>
              </Shape>
            </String>
            <SP/>
            <String ID="region0000_line0001_word0003" HEIGHT="40" WIDTH="101" HPOS="623" VPOS="196" CONTENT="quae">
              <Shape>
                <Polygon POINTS="623,196 724,196 724,236 623,236"/>
              </Shape>
            </String>
            <SP/>
            <String ID="region0000_line0001_word0004" HEIGHT="47" WIDTH="160" HPOS="749" VPOS="184" CONTENT="hominĩ">
              <Shape>
                <Polygon POINTS="749,184 909,184 909,231 749,231"/>
              </Shape>
            </String>
            <SP/>
            <String ID="region0000_line0001_word0005" HEIGHT="43" WIDTH="107" HPOS="931" VPOS="192" CONTENT="diffi.">
              <Shape>
                <Polygon POINTS="931,192 1038,192 1038,235 931,235"/>
              </Shape>
            </String>
          </TextLine>
          <TextLine ID="region0000_line0002" HEIGHT="79" WIDTH="759" HPOS="276" VPOS="229">
            <Shape>
              <Polygon POINTS="276,229 1035,229 1035,308 276,308"/>
            </Shape>
            <String ID="region0000_line0002_word0000" HEIGHT="43" WIDTH="150" HPOS="276" VPOS="229" CONTENT="cillima">
              <Shape>
                <Polygon POINTS="276,229 426,229 426,272 276,272"/>
              </Shape>
            </String>
            <SP/>
            <String ID="region0000_line0002_word0001" HEIGHT="52" WIDTH="297" HPOS="437" VPOS="234" CONTENT="exiſtimantur.">
              <Shape>
                <Polygon POINTS="437,234 734,234 734,286 437,286"/>
              </Shape>
            </String>
            <SP/>
            <String ID="region0000_line0002_word0002" HEIGHT="67" WIDTH="108" HPOS="777" VPOS="241" CONTENT="Licet">
              <Shape>
                <Polygon POINTS="777,241 885,241 885,308 777,308"/>
              </Shape>
            </String>
            <SP/>
            <String ID="region0000_line0002_word0003" HEIGHT="56" WIDTH="128" HPOS="907" VPOS="248" CONTENT="itaque">
              <Shape>
                <Polygon POINTS="907,248 1035,248 1035,304 907,304"/>
              </Shape>
            </String>
          </TextLine>
          <TextLine ID="region0000_line0003" HEIGHT="61" WIDTH="758" HPOS="276" VPOS="291">
            <Shape>
              <Polygon POINTS="276,291 1034,291 1034,352 276,352"/>
            </Shape>
            <String ID="region0000_line0003_word0000" HEIGHT="49" WIDTH="194" HPOS="276" VPOS="291" CONTENT="corporis">
              <Shape>
                <Polygon POINTS="276,291 470,291 470,340 276,340"/>
              </Shape>
            </String>
            <SP/>
            <String ID="region0000_line0003_word0001" HEIGHT="44" WIDTH="150" HPOS="487" VPOS="292" CONTENT="Chriſti">
              <Shape>
                <Polygon POINTS="487,292 637,292 637,336 487,336"/>
              </Shape>
            </String>
            <SP/>
            <String ID="region0000_line0003_word0002" HEIGHT="50" WIDTH="193" HPOS="649" VPOS="302" CONTENT="proprius">
              <Shape>
                <Polygon POINTS="649,302 842,302 842,352 649,352"/>
              </Shape>
            </String>
            <SP/>
            <String ID="region0000_line0003_word0003" HEIGHT="44" WIDTH="116" HPOS="854" VPOS="301" CONTENT="locus">
              <Shape>
                <Polygon POINTS="854,301 970,301 970,345 854,345"/>
              </Shape>
            </String>
            <SP/>
            <String ID="region0000_line0003_word0004" HEIGHT="42" WIDTH="46" HPOS="988" VPOS="306" CONTENT="ſit">
              <Shape>
                <Polygon POINTS="988,306 1034,306 1034,348 988,348"/>
              </Shape>
            </String>
          </TextLine>
          <TextLine ID="region0000_line0004" HEIGHT="69" WIDTH="800" HPOS="233" VPOS="345">
            <Shape>
              <Polygon POINTS="233,345 1033,345 1033,414 233,414"/>
            </Shape>
            <String ID="region0000_line0004_word0000" HEIGHT="40" WIDTH="84" HPOS="233" VPOS="345" CONTENT="in">
              <Shape>
                <Polygon POINTS="233,345 317,345 317,385 233,385"/>
              </Shape>
            </String>
            <SP/>
            <String ID="region0000_line0004_word0001" HEIGHT="52" WIDTH="190" HPOS="330" VPOS="346" CONTENT="ſupremo">
              <Shape>
                <Polygon POINTS="330,346 520,346 520,398 330,398"/>
              </Shape>
            </String>
            <SP/>
            <String ID="region0000_line0004_word0002" HEIGHT="42" WIDTH="102" HPOS="535" VPOS="352" CONTENT="coeli">
              <Shape>
                <Polygon POINTS="535,352 637,352 637,394 535,394"/>
              </Shape>
            </String>
            <SP/>
            <String ID="region0000_line0004_word0003" HEIGHT="58" WIDTH="160" HPOS="648" VPOS="352" CONTENT="faſtigio">
              <Shape>
                <Polygon POINTS="648,352 808,352 808,410 648,410"/>
              </Shape>
            </String>
            <SP/>
            <String ID="region0000_line0004_word0004" HEIGHT="41" WIDTH="50" HPOS="824" VPOS="358" CONTENT="ad">
              <Shape>
                <Polygon POINTS="824,358 874,358 874,399 824,399"/>
              </Shape>
            </String>
            <SP/>
            <String ID="region0000_line0004_word0005" HEIGHT="42" WIDTH="148" HPOS="885" VPOS="372" CONTENT="paren-">
              <Shape>
                <Polygon POINTS="885,372 1033,372 1033,414 885,414"/>
              </Shape>
            </String>
          </TextLine>
          <TextLine ID="region0000_line0005" HEIGHT="65" WIDTH="757" HPOS="272" VPOS="397">
            <Shape>
              <Polygon POINTS="272,397 1029,397 1029,462 272,462"/>
            </Shape>
            <String ID="region0000_line0005_word0000" HEIGHT="38" WIDTH="56" HPOS="272" VPOS="402" CONTENT="tis">
              <Shape>
                <Polygon POINTS="272,402 328,402 328,440 272,440"/>
              </Shape>
            </String>
            <SP/>
            <String ID="region0000_line0005_word0001" HEIGHT="64" WIDTH="209" HPOS="345" VPOS="397" CONTENT="dextram:">
              <Shape>
                <Polygon POINTS="345,397 554,397 554,461 345,461"/>
              </Shape>
            </String>
            <SP/>
            <String ID="region0000_line0005_word0002" HEIGHT="34" WIDTH="136" HPOS="582" VPOS="419" CONTENT="tamen">
              <Shape>
                <Polygon POINTS="582,419 718,419 718,453 582,453"/>
              </Shape>
            </String>
            <SP/>
            <String ID="region0000_line0005_word0003" HEIGHT="30" WIDTH="45" HPOS="737" VPOS="425" CONTENT="ex">
              <Shape>
                <Polygon POINTS="737,425 782,425 782,455 737,455"/>
              </Shape>
            </String>
            <SP/>
            <String ID="region0000_line0005_word0004" HEIGHT="44" WIDTH="176" HPOS="797" VPOS="415" CONTENT="abſoluta">
              <Shape>
                <Polygon POINTS="797,415 973,415 973,459 797,459"/>
              </Shape>
            </String>
            <SP/>
            <String ID="region0000_line0005_word0005" HEIGHT="42" WIDTH="46" HPOS="983" VPOS="420" CONTENT="il">
              <Shape>
                <Polygon POINTS="983,420 1029,420 1029,462 983,462"/>
              </Shape>
            </String>
          </TextLine>
          <TextLine ID="region0000_line0006" HEIGHT="74" WIDTH="775" HPOS="251" VPOS="454">
            <Shape>
              <Polygon POINTS="251,454 1026,454 1026,528 251,528"/>
            </Shape>
            <String ID="region0000_line0006_word0000" HEIGHT="45" WIDTH="58" HPOS="251" VPOS="454" CONTENT="la">
              <Shape>
                <Polygon POINTS="251,454 309,454 309,499 251,499"/>
              </Shape>
            </String>
            <SP/>
            <String ID="region0000_line0006_word0001" HEIGHT="51" WIDTH="195" HPOS="327" VPOS="459" CONTENT="poteſtate">
              <Shape>
                <Polygon POINTS="327,459 522,459 522,510 327,510"/>
              </Shape>
            </String>
            <SP/>
            <String ID="region0000_line0006_word0002" HEIGHT="42" WIDTH="77" HPOS="540" VPOS="478" CONTENT="qua">
              <Shape>
                <Polygon POINTS="540,478 617,478 617,520 540,520"/>
              </Shape>
            </String>
            <SP/>
            <String ID="region0000_line0006_word0003" HEIGHT="52" WIDTH="156" HPOS="633" VPOS="469" CONTENT="pollet,">
              <Shape>
                <Polygon POINTS="633,469 789,469 789,521 633,521"/>
              </Shape>
            </String>
            <SP/>
            <String ID="region0000_line0006_word0004" HEIGHT="44" WIDTH="209" HPOS="817" VPOS="484" CONTENT="nusquam">
              <Shape>
                <Polygon POINTS="817,484 1026,484 1026,528 817,528"/>
              </Shape>
            </String>
          </TextLine>
          <TextLine ID="region0000_line0007" HEIGHT="78" WIDTH="755" HPOS="268" VPOS="511">
            <Shape>
              <Polygon POINTS="268,511 1023,511 1023,589 268,589"/>
            </Shape>
            <String ID="region0000_line0007_word0000" HEIGHT="56" WIDTH="60" HPOS="268" VPOS="511" CONTENT="eſt">
              <Shape>
                <Polygon POINTS="268,511 328,511 328,567 268,567"/>
              </Shape>
            </String>
            <SP/>
            <String ID="region0000_line0007_word0001" HEIGHT="41" WIDTH="65" HPOS="339" VPOS="514" CONTENT="ubi">
              <Shape>
                <Polygon POINTS="339,514 404,514 404,555 339,555"/>
              </Shape>
            </String>
            <SP/>
            <String ID="region0000_line0007_word0002" HEIGHT="30" WIDTH="82" HPOS="421" VPOS="529" CONTENT="non">
              <Shape>
                <Polygon POINTS="421,529 503,529 503,559 421,559"/>
              </Shape>
            </String>
            <SP/>
            <String ID="region0000_line0007_word0003" HEIGHT="43" WIDTH="59" HPOS="513" VPOS="520" CONTENT="ſit,">
              <Shape>
                <Polygon POINTS="513,520 572,520 572,563 513,563"/>
              </Shape>
            </String>
            <SP/>
            <String ID="region0000_line0007_word0004" HEIGHT="41" WIDTH="126" HPOS="591" VPOS="537" CONTENT="quum">
              <Shape>
                <Polygon POINTS="591,537 717,537 717,578 591,578"/>
              </Shape>
            </String>
            <SP/>
            <String ID="region0000_line0007_word0005" HEIGHT="48" WIDTH="122" HPOS="733" VPOS="526" CONTENT="lubet.">
              <Shape>
                <Polygon POINTS="733,526 855,526 855,574 733,574"/>
              </Shape>
            </String>
            <SP/>
            <String ID="region0000_line0007_word0006" HEIGHT="57" WIDTH="137" HPOS="886" VPOS="532" CONTENT="Atque">
              <Shape>
                <Polygon POINTS="886,532 1023,532 1023,589 886,589"/>
              </Shape>
            </String>
          </TextLine>
          <TextLine ID="region0000_line0008" HEIGHT="80" WIDTH="755" HPOS="267" VPOS="568">
            <Shape>
              <Polygon POINTS="267,568 1022,568 1022,648 267,648"/>
            </Shape>
            <String ID="region0000_line0008_word0000" HEIGHT="42" WIDTH="55" HPOS="267" VPOS="568" CONTENT="ita">
              <Shape>
                <Polygon POINTS="267,568 322,568 322,610 267,610"/>
              </Shape>
            </String>
            <SP/>
            <String ID="region0000_line0008_word0001" HEIGHT="49" WIDTH="227" HPOS="341" VPOS="570" CONTENT="advenienti">
              <Shape>
                <Polygon POINTS="341,570 568,570 568,619 341,619"/>
              </Shape>
            </String>
            <SP/>
            <String ID="region0000_line0008_word0002" HEIGHT="43" WIDTH="142" HPOS="582" VPOS="580" CONTENT="cuncta">
              <Shape>
                <Polygon POINTS="582,580 724,580 724,623 582,623"/>
              </Shape>
            </String>
            <SP/>
            <String ID="region0000_line0008_word0003" HEIGHT="68" WIDTH="144" HPOS="740" VPOS="580" CONTENT="cedunt">
              <Shape>
                <Polygon POINTS="740,580 884,580 884,648 740,648"/>
              </Shape>
            </String>
            <SP/>
            <String ID="region0000_line0008_word0004" HEIGHT="48" WIDTH="116" HPOS="906" VPOS="596" CONTENT="atque">
              <Shape>
                <Polygon POINTS="906,596 1022,596 1022,644 906,644"/>
              </Shape>
            </String>
          </TextLine>
          <TextLine ID="region0000_line0009" HEIGHT="70" WIDTH="749" HPOS="265" VPOS="624">
            <Shape>
              <Polygon POINTS="265,624 1014,624 1014,694 265,694"/>
            </Shape>
            <String ID="region0000_line0009_word0000" HEIGHT="58" WIDTH="231" HPOS="265" VPOS="624" CONTENT="aſſurgunt,">
              <Shape>
                <Polygon POINTS="265,624 496,624 496,682 265,682"/>
              </Shape>
            </String>
            <SP/>
            <String ID="region0000_line0009_word0001" HEIGHT="30" WIDTH="42" HPOS="534" VPOS="644" CONTENT="ut">
              <Shape>
                <Polygon POINTS="534,644 576,644 576,674 534,674"/>
              </Shape>
            </String>
            <SP/>
            <String ID="region0000_line0009_word0002" HEIGHT="52" WIDTH="190" HPOS="589" VPOS="642" CONTENT="quotiens">
              <Shape>
                <Polygon POINTS="589,642 779,642 779,694 589,694"/>
              </Shape>
            </String>
            <SP/>
            <String ID="region0000_line0009_word0003" HEIGHT="28" WIDTH="41" HPOS="798" VPOS="655" CONTENT="in">
              <Shape>
                <Polygon POINTS="798,655 839,655 839,683 798,683"/>
              </Shape>
            </String>
            <SP/>
            <String ID="region0000_line0009_word0004" HEIGHT="45" WIDTH="158" HPOS="856" VPOS="643" CONTENT="ſacrum">
              <Shape>
                <Polygon POINTS="856,643 1014,643 1014,688 856,688"/>
              </Shape>
            </String>
          </TextLine>
          <TextLine ID="region0000_line0010" HEIGHT="59" WIDTH="754" HPOS="260" VPOS="687">
            <Shape>
              <Polygon POINTS="260,687 1014,687 1014,746 260,746"/>
            </Shape>
            <String ID="region0000_line0010_word0000" HEIGHT="45" WIDTH="151" HPOS="260" VPOS="691" CONTENT="panem">
              <Shape>
                <Polygon POINTS="260,691 411,691 411,736 260,736"/>
              </Shape>
            </String>
            <SP/>
            <String ID="region0000_line0010_word0001" HEIGHT="40" WIDTH="40" HPOS="430" VPOS="687" CONTENT="&amp;">
              <Shape>
                <Polygon POINTS="430,687 470,687 470,727 430,727"/>
              </Shape>
            </String>
            <SP/>
            <String ID="region0000_line0010_word0002" HEIGHT="42" WIDTH="143" HPOS="488" VPOS="692" CONTENT="vinun">
              <Shape>
                <Polygon POINTS="488,692 631,692 631,734 488,734"/>
              </Shape>
            </String>
            <SP/>
            <String ID="region0000_line0010_word0003" HEIGHT="51" WIDTH="186" HPOS="643" VPOS="693" CONTENT="elicitur,">
              <Shape>
                <Polygon POINTS="643,693 829,693 829,744 643,744"/>
              </Shape>
            </String>
            <SP/>
            <String ID="region0000_line0010_word0004" HEIGHT="44" WIDTH="146" HPOS="868" VPOS="702" CONTENT="volens">
              <Shape>
                <Polygon POINTS="868,702 1014,702 1014,746 868,746"/>
              </Shape>
            </String>
          </TextLine>
          <TextLine ID="region0000_line0011" HEIGHT="64" WIDTH="752" HPOS="259" VPOS="739">
            <Shape>
              <Polygon POINTS="259,739 1011,739 1011,803 259,803"/>
            </Shape>
            <String ID="region0000_line0011_word0000" HEIGHT="34" WIDTH="50" HPOS="259" VPOS="746" CONTENT="ac">
              <Shape>
                <Polygon POINTS="259,746 309,746 309,780 259,780"/>
              </Shape>
            </String>
            <SP/>
            <String ID="region0000_line0011_word0001" HEIGHT="45" WIDTH="142" HPOS="320" VPOS="739" CONTENT="lubens">
              <Shape>
                <Polygon POINTS="320,739 462,739 462,784 320,784"/>
              </Shape>
            </String>
            <SP/>
            <String ID="region0000_line0011_word0002" HEIGHT="57" WIDTH="216" HPOS="474" VPOS="742" CONTENT="ſubjectum">
              <Shape>
                <Polygon POINTS="474,742 690,742 690,799 474,799"/>
              </Shape>
            </String>
            <SP/>
            <String ID="region0000_line0011_word0003" HEIGHT="50" WIDTH="177" HPOS="710" VPOS="753" CONTENT="decedat,">
              <Shape>
                <Polygon POINTS="710,753 887,753 887,803 710,803"/>
              </Shape>
            </String>
            <SP/>
            <String ID="region0000_line0011_word0004" HEIGHT="29" WIDTH="42" HPOS="900" VPOS="768" CONTENT="ut">
              <Shape>
                <Polygon POINTS="900,768 942,768 942,797 900,797"/>
              </Shape>
            </String>
            <SP/>
            <String ID="region0000_line0011_word0005" HEIGHT="28" WIDTH="59" HPOS="952" VPOS="772" CONTENT="in-">
              <Shape>
                <Polygon POINTS="952,772 1011,772 1011,800 952,800"/>
              </Shape>
            </String>
          </TextLine>
          <TextLine ID="region0000_line0012" HEIGHT="84" WIDTH="757" HPOS="257" VPOS="802">
            <Shape>
              <Polygon POINTS="257,802 1014,802 1014,886 257,886"/>
            </Shape>
            <String ID="region0000_line0012_word0000" HEIGHT="32" WIDTH="63" HPOS="257" VPOS="802" CONTENT="tra">
              <Shape>
                <Polygon POINTS="257,802 320,802 320,834 257,834"/>
              </Shape>
            </String>
            <SP/>
            <String ID="region0000_line0012_word0001" HEIGHT="35" WIDTH="169" HPOS="348" VPOS="807" CONTENT="vacuam">
              <Shape>
                <Polygon POINTS="348,807 517,807 517,842 348,842"/>
              </Shape>
            </String>
            <SP/>
            <String ID="region0000_line0012_word0002" HEIGHT="57" WIDTH="156" HPOS="545" VPOS="804" CONTENT="alioquĩ">
              <Shape>
                <Polygon POINTS="545,804 701,804 701,861 545,861"/>
              </Shape>
            </String>
            <SP/>
            <String ID="region0000_line0012_word0003" HEIGHT="83" WIDTH="294" HPOS="720" VPOS="803" CONTENT="ſuperficiem-">
              <Shape>
                <Polygon POINTS="720,803 1014,803 1014,886 720,886"/>
              </Shape>
            </String>
          </TextLine>
          <TextLine ID="region0000_line0013" HEIGHT="78" WIDTH="753" HPOS="254" VPOS="847">
            <Shape>
              <Polygon POINTS="254,847 1007,847 1007,925 254,925"/>
            </Shape>
            <String ID="region0000_line0013_word0000" HEIGHT="48" WIDTH="153" HPOS="254" VPOS="847" CONTENT="Chriſti">
              <Shape>
                <Polygon POINTS="254,847 407,847 407,895 254,895"/>
              </Shape>
            </String>
            <SP/>
            <String ID="region0000_line0013_word0001" HEIGHT="47" WIDTH="191" HPOS="441" VPOS="856" CONTENT="ſubſtantia">
              <Shape>
                <Polygon POINTS="441,856 632,856 632,903 441,903"/>
              </Shape>
            </String>
            <SP/>
            <String ID="region0000_line0013_word0002" HEIGHT="52" WIDTH="246" HPOS="652" VPOS="867" CONTENT="recipiatur:">
              <Shape>
                <Polygon POINTS="652,867 898,867 898,919 652,919"/>
              </Shape>
            </String>
            <SP/>
            <String ID="region0000_line0013_word0003" HEIGHT="41" WIDTH="79" HPOS="928" VPOS="884" CONTENT="qua">
              <Shape>
                <Polygon POINTS="928,884 1007,884 1007,925 928,925"/>
              </Shape>
            </String>
          </TextLine>
          <TextLine ID="region0000_line0014" HEIGHT="72" WIDTH="754" HPOS="252" VPOS="908">
            <Shape>
              <Polygon POINTS="252,908 1006,908 1006,980 252,980"/>
            </Shape>
            <String ID="region0000_line0014_word0000" HEIGHT="43" WIDTH="160" HPOS="252" VPOS="908" CONTENT="ratione">
              <Shape>
                <Polygon POINTS="252,908 412,908 412,951 252,951"/>
              </Shape>
            </String>
            <SP/>
            <String ID="region0000_line0014_word0001" HEIGHT="50" WIDTH="106" HPOS="429" VPOS="909" CONTENT="fitut">
              <Shape>
                <Polygon POINTS="429,909 535,909 535,959 429,959"/>
              </Shape>
            </String>
            <SP/>
            <String ID="region0000_line0014_word0002" HEIGHT="57" WIDTH="219" HPOS="544" VPOS="913" CONTENT="adjacentia">
              <Shape>
                <Polygon POINTS="544,913 763,913 763,970 544,970"/>
              </Shape>
            </String>
            <SP/>
            <String ID="region0000_line0014_word0003" HEIGHT="72" WIDTH="82" HPOS="781" VPOS="908" CONTENT="ſint:">
              <Shape>
                <Polygon POINTS="863,908 781,908 781,980 863,980"/>
              </Shape>
            </String>
            <SP/>
            <String ID="region0000_line0014_word0004" HEIGHT="52" WIDTH="118" HPOS="888" VPOS="928" CONTENT="neque">
              <Shape>
                <Polygon POINTS="888,928 1006,928 1006,980 888,980"/>
              </Shape>
            </String>
          </TextLine>
          <TextLine ID="region0000_line0015" HEIGHT="65" WIDTH="755" HPOS="249" VPOS="960">
            <Shape>
              <Polygon POINTS="249,960 1004,960 1004,1025 249,1025"/>
            </Shape>
            <String ID="region0000_line0015_word0000" HEIGHT="44" WIDTH="49" HPOS="249" VPOS="960" CONTENT="ſit">
              <Shape>
                <Polygon POINTS="249,960 298,960 298,1004 249,1004"/>
              </Shape>
            </String>
            <SP/>
            <String ID="region0000_line0015_word0001" HEIGHT="38" WIDTH="65" HPOS="306" VPOS="968" CONTENT="cui">
              <Shape>
                <Polygon POINTS="306,968 371,968 371,1006 306,1006"/>
              </Shape>
            </String>
            <SP/>
            <String ID="region0000_line0015_word0002" HEIGHT="57" WIDTH="221" HPOS="381" VPOS="963" CONTENT="adjaceant,">
              <Shape>
                <Polygon POINTS="381,963 602,963 602,1020 381,1020"/>
              </Shape>
            </String>
            <SP/>
            <String ID="region0000_line0015_word0003" HEIGHT="42" WIDTH="68" HPOS="613" VPOS="975" CONTENT="niſi">
              <Shape>
                <Polygon POINTS="613,975 681,975 681,1017 613,1017"/>
              </Shape>
            </String>
            <SP/>
            <String ID="region0000_line0015_word0004" HEIGHT="45" WIDTH="308" HPOS="696" VPOS="980" CONTENT="virtutidivinae">
              <Shape>
                <Polygon POINTS="696,980 1004,980 1004,1025 696,1025"/>
              </Shape>
            </String>
          </TextLine>
          <TextLine ID="region0000_line0016" HEIGHT="62" WIDTH="753" HPOS="249" VPOS="1025">
            <Shape>
              <Polygon POINTS="249,1025 1002,1025 1002,1087 249,1087"/>
            </Shape>
            <String ID="region0000_line0016_word0000" HEIGHT="42" WIDTH="83" HPOS="249" VPOS="1030" CONTENT="qua">
              <Shape>
                <Polygon POINTS="249,1030 332,1030 332,1072 249,1072"/>
              </Shape>
            </String>
            <SP/>
            <String ID="region0000_line0016_word0001" HEIGHT="41" WIDTH="136" HPOS="342" VPOS="1025" CONTENT="omnia">
              <Shape>
                <Polygon POINTS="342,1025 478,1025 478,1066 342,1066"/>
              </Shape>
            </String>
            <SP/>
            <String ID="region0000_line0016_word0002" HEIGHT="44" WIDTH="187" HPOS="489" VPOS="1029" CONTENT="nituntur">
              <Shape>
                <Polygon POINTS="489,1029 676,1029 676,1073 489,1073"/>
              </Shape>
            </String>
            <SP/>
            <String ID="region0000_line0016_word0003" HEIGHT="57" WIDTH="243" HPOS="683" VPOS="1030" CONTENT="adjacerent.">
              <Shape>
                <Polygon POINTS="683,1030 926,1030 926,1087 683,1087"/>
              </Shape>
            </String>
            <SP/>
            <String ID="region0000_line0016_word0004" HEIGHT="45" WIDTH="65" HPOS="937" VPOS="1040" CONTENT="Sic">
              <Shape>
                <Polygon POINTS="937,1040 1002,1040 1002,1085 937,1085"/>
              </Shape>
            </String>
          </TextLine>
          <TextLine ID="region0000_line0017" HEIGHT="81" WIDTH="754" HPOS="244" VPOS="1076">
            <Shape>
              <Polygon POINTS="244,1076 998,1076 998,1157 244,1157"/>
            </Shape>
            <String ID="region0000_line0017_word0000" HEIGHT="42" WIDTH="104" HPOS="244" VPOS="1076" CONTENT="ↄlim">
              <Shape>
                <Polygon POINTS="244,1076 348,1076 348,1118 244,1118"/>
              </Shape>
            </String>
            <SP/>
            <String ID="region0000_line0017_word0001" HEIGHT="28" WIDTH="23" HPOS="363" VPOS="1089" CONTENT="e">
              <Shape>
                <Polygon POINTS="363,1089 386,1089 386,1117 363,1117"/>
              </Shape>
            </String>
            <SP/>
            <String ID="region0000_line0017_word0002" HEIGHT="55" WIDTH="171" HPOS="399" VPOS="1081" CONTENT="virginis">
              <Shape>
                <Polygon POINTS="399,1081 570,1081 570,1136 399,1136"/>
              </Shape>
            </String>
            <SP/>
            <String ID="region0000_line0017_word0003" HEIGHT="33" WIDTH="118" HPOS="586" VPOS="1097" CONTENT="utero">
              <Shape>
                <Polygon POINTS="586,1097 704,1097 704,1130 586,1130"/>
              </Shape>
            </String>
            <SP/>
            <String ID="region0000_line0017_word0004" HEIGHT="50" WIDTH="110" HPOS="714" VPOS="1093" CONTENT="exiit,">
              <Shape>
                <Polygon POINTS="714,1093 824,1093 824,1143 714,1143"/>
              </Shape>
            </String>
            <SP/>
            <String ID="region0000_line0017_word0005" HEIGHT="62" WIDTH="137" HPOS="861" VPOS="1095" CONTENT="neque">
              <Shape>
                <Polygon POINTS="861,1095 998,1095 998,1157 861,1157"/>
              </Shape>
            </String>
          </TextLine>
          <TextLine ID="region0000_line0018" HEIGHT="71" WIDTH="754" HPOS="243" VPOS="1130">
            <Shape>
              <Polygon POINTS="243,1130 997,1130 997,1201 243,1201"/>
            </Shape>
            <String ID="region0000_line0018_word0000" HEIGHT="49" WIDTH="192" HPOS="243" VPOS="1130" CONTENT="injuriam">
              <Shape>
                <Polygon POINTS="243,1130 435,1130 435,1179 243,1179"/>
              </Shape>
            </String>
            <SP/>
            <String ID="region0000_line0018_word0001" HEIGHT="49" WIDTH="167" HPOS="460" VPOS="1142" CONTENT="pertulit">
              <Shape>
                <Polygon POINTS="460,1142 627,1142 627,1191 460,1191"/>
              </Shape>
            </String>
            <SP/>
            <String ID="region0000_line0018_word0002" HEIGHT="53" WIDTH="243" HPOS="651" VPOS="1148" CONTENT="virginitas:">
              <Shape>
                <Polygon POINTS="651,1148 894,1148 894,1201 651,1201"/>
              </Shape>
            </String>
            <SP/>
            <String ID="region0000_line0018_word0003" HEIGHT="41" WIDTH="53" HPOS="944" VPOS="1153" CONTENT="ſio">
              <Shape>
                <Polygon POINTS="944,1153 997,1153 997,1194 944,1194"/>
              </Shape>
            </String>
          </TextLine>
          <TextLine ID="region0000_line0019" HEIGHT="81" WIDTH="756" HPOS="240" VPOS="1187">
            <Shape>
              <Polygon POINTS="240,1187 996,1187 996,1268 240,1268"/>
            </Shape>
            <String ID="region0000_line0019_word0000" HEIGHT="49" WIDTH="143" HPOS="240" VPOS="1187" CONTENT="clauſis">
              <Shape>
                <Polygon POINTS="240,1187 383,1187 383,1236 240,1236"/>
              </Shape>
            </String>
            <SP/>
            <String ID="region0000_line0019_word0001" HEIGHT="48" WIDTH="158" HPOS="408" VPOS="1190" CONTENT="foribus">
              <Shape>
                <Polygon POINTS="408,1190 566,1190 566,1238 408,1238"/>
              </Shape>
            </String>
            <SP/>
            <String ID="region0000_line0019_word0002" HEIGHT="55" WIDTH="148" HPOS="585" VPOS="1201" CONTENT="irrupit">
              <Shape>
                <Polygon POINTS="585,1201 733,1201 733,1256 585,1256"/>
              </Shape>
            </String>
            <SP/>
            <String ID="region0000_line0019_word0003" HEIGHT="39" WIDTH="49" HPOS="749" VPOS="1207" CONTENT="ad">
              <Shape>
                <Polygon POINTS="749,1207 798,1207 798,1246 749,1246"/>
              </Shape>
            </String>
            <SP/>
            <String ID="region0000_line0019_word0004" HEIGHT="66" WIDTH="179" HPOS="817" VPOS="1202" CONTENT="Apoſto-">
              <Shape>
                <Polygon POINTS="817,1202 996,1202 996,1268 817,1268"/>
              </Shape>
            </String>
          </TextLine>
          <TextLine ID="region0000_line0020" HEIGHT="79" WIDTH="749" HPOS="243" VPOS="1241">
            <Shape>
              <Polygon POINTS="243,1241 992,1241 992,1320 243,1320"/>
            </Shape>
            <String ID="region0000_line0020_word0000" HEIGHT="53" WIDTH="81" HPOS="243" VPOS="1241" CONTENT="los,">
              <Shape>
                <Polygon POINTS="243,1241 324,1241 324,1294 243,1294"/>
              </Shape>
            </String>
            <SP/>
            <String ID="region0000_line0020_word0001" HEIGHT="42" WIDTH="135" HPOS="343" VPOS="1260" CONTENT="neque">
              <Shape>
                <Polygon POINTS="343,1260 478,1260 478,1302 343,1302"/>
              </Shape>
            </String>
            <SP/>
            <String ID="region0000_line0020_word0002" HEIGHT="45" WIDTH="207" HPOS="494" VPOS="1254" CONTENT="confrada">
              <Shape>
                <Polygon POINTS="494,1254 701,1254 701,1299 494,1299"/>
              </Shape>
            </String>
            <SP/>
            <String ID="region0000_line0020_word0003" HEIGHT="44" WIDTH="87" HPOS="717" VPOS="1260" CONTENT="ſunt">
              <Shape>
                <Polygon POINTS="717,1260 804,1260 804,1304 717,1304"/>
              </Shape>
            </String>
            <SP/>
            <String ID="region0000_line0020_word0004" HEIGHT="44" WIDTH="166" HPOS="826" VPOS="1276" CONTENT="repagu-">
              <Shape>
                <Polygon POINTS="826,1276 992,1276 992,1320 826,1320"/>
              </Shape>
            </String>
          </TextLine>
          <TextLine ID="region0000_line0021" HEIGHT="77" WIDTH="754" HPOS="235" VPOS="1297">
            <Shape>
              <Polygon POINTS="235,1297 989,1297 989,1374 235,1374"/>
            </Shape>
            <String ID="region0000_line0021_word0000" HEIGHT="43" WIDTH="49" HPOS="235" VPOS="1297" CONTENT="la.">
              <Shape>
                <Polygon POINTS="235,1297 284,1297 284,1340 235,1340"/>
              </Shape>
            </String>
            <SP/>
            <String ID="region0000_line0021_word0001" HEIGHT="48" WIDTH="115" HPOS="337" VPOS="1304" CONTENT="Quaeè">
              <Shape>
                <Polygon POINTS="337,1304 452,1304 452,1352 337,1352"/>
              </Shape>
            </String>
            <SP/>
            <String ID="region0000_line0021_word0002" HEIGHT="30" WIDTH="68" HPOS="468" VPOS="1321" CONTENT="res">
              <Shape>
                <Polygon POINTS="468,1321 536,1321 536,1351 468,1351"/>
              </Shape>
            </String>
            <SP/>
            <String ID="region0000_line0021_word0003" HEIGHT="46" WIDTH="158" HPOS="555" VPOS="1311" CONTENT="facilior">
              <Shape>
                <Polygon POINTS="555,1311 713,1311 713,1357 555,1357"/>
              </Shape>
            </String>
            <SP/>
            <String ID="region0000_line0021_word0004" HEIGHT="53" WIDTH="184" HPOS="730" VPOS="1321" CONTENT="cogitatu">
              <Shape>
                <Polygon POINTS="730,1321 914,1321 914,1374 730,1374"/>
              </Shape>
            </String>
            <SP/>
            <String ID="region0000_line0021_word0005" HEIGHT="43" WIDTH="51" HPOS="938" VPOS="1320" CONTENT="fi-">
              <Shape>
                <Polygon POINTS="938,1320 989,1320 989,1363 938,1363"/>
              </Shape>
            </String>
          </TextLine>
          <TextLine ID="region0000_line0022" HEIGHT="62" WIDTH="756" HPOS="232" VPOS="1358">
            <Shape>
              <Polygon POINTS="232,1358 988,1358 988,1420 232,1420"/>
            </Shape>
            <String ID="region0000_line0022_word0000" HEIGHT="31" WIDTH="65" HPOS="232" VPOS="1365" CONTENT="et:">
              <Shape>
                <Polygon POINTS="232,1365 297,1365 297,1396 232,1396"/>
              </Shape>
            </String>
            <SP/>
            <String ID="region0000_line0022_word0001" HEIGHT="42" WIDTH="28" HPOS="325" VPOS="1358" CONTENT="ſi">
              <Shape>
                <Polygon POINTS="325,1358 353,1358 353,1400 325,1400"/>
              </Shape>
            </String>
            <SP/>
            <String ID="region0000_line0022_word0002" HEIGHT="49" WIDTH="209" HPOS="376" VPOS="1361" CONTENT="nobiſeum">
              <Shape>
                <Polygon POINTS="376,1361 585,1361 585,1410 376,1410"/>
              </Shape>
            </String>
            <SP/>
            <String ID="region0000_line0022_word0003" HEIGHT="49" WIDTH="377" HPOS="611" VPOS="1371" CONTENT="exiſtimemus,">
              <Shape>
                <Polygon POINTS="611,1371 988,1371 988,1420 611,1420"/>
              </Shape>
            </String>
            <SP/>
            <String ID="region0000_line0022_word0004" HEIGHT="62" WIDTH="67" HPOS="921" VPOS="1358" CONTENT="no-">
              <Shape>
                <Polygon POINTS="921,1420 988,1420 988,1358 921,1358"/>
              </Shape>
            </String>
          </TextLine>
          <TextLine ID="region0000_line0023" HEIGHT="74" WIDTH="755" HPOS="230" VPOS="1415">
            <Shape>
              <Polygon POINTS="230,1415 985,1415 985,1489 230,1489"/>
            </Shape>
            <String ID="region0000_line0023_word0000" HEIGHT="36" WIDTH="88" HPOS="230" VPOS="1420" CONTENT="tam">
              <Shape>
                <Polygon POINTS="230,1420 318,1420 318,1456 230,1456"/>
              </Shape>
            </String>
            <SP/>
            <String ID="region0000_line0023_word0001" HEIGHT="44" WIDTH="81" HPOS="334" VPOS="1415" CONTENT="eſſe">
              <Shape>
                <Polygon POINTS="334,1415 415,1415 415,1459 334,1459"/>
              </Shape>
            </String>
            <SP/>
            <String ID="region0000_line0023_word0002" HEIGHT="62" WIDTH="345" HPOS="431" VPOS="1418" CONTENT="philoſophorum">
              <Shape>
                <Polygon POINTS="431,1418 776,1418 776,1480 431,1480"/>
              </Shape>
            </String>
            <SP/>
            <String ID="region0000_line0023_word0003" HEIGHT="54" WIDTH="186" HPOS="799" VPOS="1435" CONTENT="propoſi-">
              <Shape>
                <Polygon POINTS="799,1435 985,1435 985,1489 799,1489"/>
              </Shape>
            </String>
          </TextLine>
          <TextLine ID="region0000_line0024" HEIGHT="62" WIDTH="755" HPOS="228" VPOS="1471">
            <Shape>
              <Polygon POINTS="228,1471 983,1471 983,1533 228,1533"/>
            </Shape>
            <String ID="region0000_line0024_word0000" HEIGHT="45" WIDTH="178" HPOS="228" VPOS="1471" CONTENT="tionem:">
              <Shape>
                <Polygon POINTS="228,1471 406,1471 406,1516 228,1516"/>
              </Shape>
            </String>
            <SP/>
            <String ID="region0000_line0024_word0001" HEIGHT="38" WIDTH="42" HPOS="434" VPOS="1481" CONTENT="in">
              <Shape>
                <Polygon POINTS="434,1481 476,1481 476,1519 434,1519"/>
              </Shape>
            </String>
            <SP/>
            <String ID="region0000_line0024_word0002" HEIGHT="49" WIDTH="304" HPOS="493" VPOS="1483" CONTENT="annectendo,">
              <Shape>
                <Polygon POINTS="493,1483 797,1483 797,1532 493,1532"/>
              </Shape>
            </String>
            <SP/>
            <String ID="region0000_line0024_word0003" HEIGHT="29" WIDTH="88" HPOS="835" VPOS="1502" CONTENT="non">
              <Shape>
                <Polygon POINTS="835,1502 923,1502 923,1531 835,1531"/>
              </Shape>
            </String>
            <SP/>
            <String ID="region0000_line0024_word0004" HEIGHT="39" WIDTH="44" HPOS="939" VPOS="1494" CONTENT="in">
              <Shape>
                <Polygon POINTS="939,1494 983,1494 983,1533 939,1533"/>
              </Shape>
            </String>
          </TextLine>
          <TextLine ID="region0000_line0025" HEIGHT="127" WIDTH="758" HPOS="223" VPOS="1523">
            <Shape>
              <Polygon POINTS="223,1523 981,1523 981,1650 223,1650"/>
            </Shape>
            <String ID="region0000_line0025_word0000" HEIGHT="71" WIDTH="279" HPOS="223" VPOS="1523" CONTENT="abſtrahendo">
              <Shape>
                <Polygon POINTS="223,1523 502,1523 502,1594 223,1594"/>
              </Shape>
            </String>
            <SP/>
            <String ID="region0000_line0025_word0001" HEIGHT="58" WIDTH="270" HPOS="514" VPOS="1540" CONTENT="mendacium">
              <Shape>
                <Polygon POINTS="514,1540 784,1540 784,1598 514,1598"/>
              </Shape>
            </String>
            <SP/>
            <String ID="region0000_line0025_word0002" HEIGHT="106" WIDTH="186" HPOS="795" VPOS="1544" CONTENT="2—.">
              <Shape>
                <Polygon POINTS="795,1544 981,1544 981,1650 795,1650"/>
              </Shape>
            </String>
          </TextLine>
        </TextBlock>
      </PrintSpace>
    </Page>
  </Layout>
</alto>
