<?xml version='1.0' encoding='UTF-8' standalone='yes'?>
<alto xmlns:xsi="http://www.w3.org/2001/XMLSchema-instance" xmlns="http://www.loc.gov/standards/alto/ns-v4#" xsi:schemaLocation="http://www.loc.gov/standards/alto/ns-v4# http://www.loc.gov/standards/alto/v4/alto-4-2.xsd" SCHEMAVERSION="4.2">
  <Description>
    <MeasurementUnit>pixel</MeasurementUnit>
    <sourceImageInformation>
      <fileName>FILE_0013_ORIGINAL.jpg</fileName>
    </sourceImageInformation>
    <Processing ID="ocrd-tesserocr-recognize-0">
      <processingStepDescription>layout/segmentation/region</processingStepDescription>
      <processingStepSettings>{"segmentation_level": "region", "model": "frak2021", "dpi": "0", "padding": "0", "textequiv_level": "word", "overwrite_segments": "False", "overwrite_text": "True", "shrink_polygons": "False", "block_polygons": "False", "find_tables": "True", "find_staves": "False", "sparse_text": "False", "raw_lines": "False", "char_whitelist": "", "char_blacklist": "", "char_unblacklist": "", "tesseract_parameters": "{}", "xpath_parameters": "{}", "xpath_model": "{}", "auto_model": "False", "oem": "DEFAULT"}</processingStepSettings>
      <processingSoftware>
        <softwareName>ocrd-tesserocr-recognize</softwareName>
      </processingSoftware>
    </Processing>
  </Description>
  <Styles/>
  <Tags/>
  <Layout>
    <Page ID="OCR-D-OCR_0004" PHYSICAL_IMG_NR="0" WIDTH="1107" HEIGHT="1845">
      <PrintSpace VPOS="0" HPOS="0" HEIGHT="1845" WIDTH="1107">
        <Illustration ID="region0004" HEIGHT="1845" WIDTH="65" HPOS="1042" VPOS="0">
          <Shape>
            <Polygon POINTS="1042,0 1107,0 1107,1845 1042,1845"/>
          </Shape>
        </Illustration>
        <GraphicalElement ID="region0001" HEIGHT="9" WIDTH="353" HPOS="481" VPOS="169">
          <Shape>
            <Polygon POINTS="481,169 834,169 834,178 481,178"/>
          </Shape>
        </GraphicalElement>
        <GraphicalElement ID="region0002" HEIGHT="9" WIDTH="353" HPOS="481" VPOS="171">
          <Shape>
            <Polygon POINTS="481,171 834,171 834,180 481,180"/>
          </Shape>
        </GraphicalElement>
        <GraphicalElement ID="region0003" HEIGHT="8" WIDTH="360" HPOS="115" VPOS="181">
          <Shape>
            <Polygon POINTS="115,181 475,181 475,189 115,189"/>
          </Shape>
        </GraphicalElement>
        <TextBlock ID="region0000" HEIGHT="1530" WIDTH="776" HPOS="92" VPOS="115" IDNEXT="region0004">
          <Shape>
            <Polygon POINTS="92,115 868,115 868,1645 92,1645"/>
          </Shape>
          <TextLine ID="region0000_line0000" HEIGHT="60" WIDTH="479" HPOS="358" VPOS="115">
            <Shape>
              <Polygon POINTS="358,115 837,115 837,175 358,175"/>
            </Shape>
            <String ID="region0000_line0000_word0000" HEIGHT="56" WIDTH="55" HPOS="358" VPOS="119" CONTENT="895">
              <Shape>
                <Polygon POINTS="358,119 413,119 413,175 358,175"/>
              </Shape>
            </String>
            <SP/>
            <String ID="region0000_line0000_word0001" HEIGHT="29" WIDTH="35" HPOS="802" VPOS="122" CONTENT="11">
              <Shape>
                <Polygon POINTS="802,122 837,122 837,151 802,151"/>
              </Shape>
            </String>
          </TextLine>
          <TextLine ID="region0000_line0001" HEIGHT="59" WIDTH="743" HPOS="92" VPOS="191">
            <Shape>
              <Polygon POINTS="92,191 835,191 835,250 92,250"/>
            </Shape>
            <String ID="region0000_line0001_word0000" HEIGHT="35" WIDTH="131" HPOS="92" VPOS="212" CONTENT="mare,">
              <Shape>
                <Polygon POINTS="92,212 223,212 223,247 92,247"/>
              </Shape>
            </String>
            <SP/>
            <String ID="region0000_line0001_word0001" HEIGHT="59" WIDTH="103" HPOS="253" VPOS="191" CONTENT="quaſi">
              <Shape>
                <Polygon POINTS="253,191 356,191 356,250 253,250"/>
              </Shape>
            </String>
            <SP/>
            <String ID="region0000_line0001_word0002" HEIGHT="40" WIDTH="70" HPOS="371" VPOS="206" CONTENT="per">
              <Shape>
                <Polygon POINTS="371,206 441,206 441,246 371,246"/>
              </Shape>
            </String>
            <SP/>
            <String ID="region0000_line0001_word0003" HEIGHT="45" WIDTH="171" HPOS="453" VPOS="200" CONTENT="parietes">
              <Shape>
                <Polygon POINTS="453,200 624,200 624,245 453,245"/>
              </Shape>
            </String>
            <SP/>
            <String ID="region0000_line0001_word0004" HEIGHT="42" WIDTH="197" HPOS="638" VPOS="196" CONTENT="aquarum">
              <Shape>
                <Polygon POINTS="638,196 835,196 835,238 638,238"/>
              </Shape>
            </String>
          </TextLine>
          <TextLine ID="region0000_line0002" HEIGHT="70" WIDTH="746" HPOS="93" VPOS="237">
            <Shape>
              <Polygon POINTS="93,237 839,237 839,307 93,307"/>
            </Shape>
            <String ID="region0000_line0002_word0000" HEIGHT="48" WIDTH="188" HPOS="93" VPOS="259" CONTENT="utrinque">
              <Shape>
                <Polygon POINTS="93,259 281,259 281,307 93,307"/>
              </Shape>
            </String>
            <SP/>
            <String ID="region0000_line0002_word0001" HEIGHT="42" WIDTH="194" HPOS="315" VPOS="249" CONTENT="ſubnixos">
              <Shape>
                <Polygon POINTS="315,249 509,249 509,291 315,291"/>
              </Shape>
            </String>
            <SP/>
            <String ID="region0000_line0002_word0002" HEIGHT="47" WIDTH="299" HPOS="540" VPOS="237" CONTENT="transſretaſlet:">
              <Shape>
                <Polygon POINTS="540,237 839,237 839,284 540,284"/>
              </Shape>
            </String>
          </TextLine>
          <TextLine ID="region0000_line0003" HEIGHT="59" WIDTH="747" HPOS="93" VPOS="296">
            <Shape>
              <Polygon POINTS="93,296 840,296 840,355 93,355"/>
            </Shape>
            <String ID="region0000_line0003_word0000" HEIGHT="43" WIDTH="35" HPOS="93" VPOS="312" CONTENT="jd">
              <Shape>
                <Polygon POINTS="93,312 128,312 128,355 93,355"/>
              </Shape>
            </String>
            <SP/>
            <String ID="region0000_line0003_word0001" HEIGHT="59" WIDTH="63" HPOS="145" VPOS="296" CONTENT="eſt,">
              <Shape>
                <Polygon POINTS="208,296 145,296 145,355 208,355"/>
              </Shape>
            </String>
            <SP/>
            <String ID="region0000_line0003_word0002" HEIGHT="43" WIDTH="95" HPOS="225" VPOS="311" CONTENT="vitia,">
              <Shape>
                <Polygon POINTS="225,311 320,311 320,354 225,354"/>
              </Shape>
            </String>
            <SP/>
            <String ID="region0000_line0003_word0003" HEIGHT="43" WIDTH="255" HPOS="333" VPOS="312" CONTENT="caeterasque">
              <Shape>
                <Polygon POINTS="333,312 588,312 588,355 333,355"/>
              </Shape>
            </String>
            <SP/>
            <String ID="region0000_line0003_word0004" HEIGHT="38" WIDTH="121" HPOS="599" VPOS="300" CONTENT="animi">
              <Shape>
                <Polygon POINTS="599,300 720,300 720,338 599,338"/>
              </Shape>
            </String>
            <SP/>
            <String ID="region0000_line0003_word0005" HEIGHT="40" WIDTH="109" HPOS="731" VPOS="296" CONTENT="labes">
              <Shape>
                <Polygon POINTS="731,296 840,296 840,336 731,336"/>
              </Shape>
            </String>
          </TextLine>
          <TextLine ID="region0000_line0004" HEIGHT="60" WIDTH="748" HPOS="95" VPOS="355">
            <Shape>
              <Polygon POINTS="95,355 843,355 843,415 95,415"/>
            </Shape>
            <String ID="region0000_line0004_word0000" HEIGHT="45" WIDTH="171" HPOS="95" VPOS="365" CONTENT="eluiſlet:">
              <Shape>
                <Polygon POINTS="95,365 266,365 266,410 95,410"/>
              </Shape>
            </String>
            <SP/>
            <String ID="region0000_line0004_word0001" HEIGHT="41" WIDTH="92" HPOS="285" VPOS="374" CONTENT="neq;">
              <Shape>
                <Polygon POINTS="285,374 377,374 377,415 285,415"/>
              </Shape>
            </String>
            <SP/>
            <String ID="region0000_line0004_word0002" HEIGHT="52" WIDTH="204" HPOS="396" VPOS="362" CONTENT="optimum">
              <Shape>
                <Polygon POINTS="396,362 600,362 600,414 396,414"/>
              </Shape>
            </String>
            <SP/>
            <String ID="region0000_line0004_word0003" HEIGHT="41" WIDTH="228" HPOS="615" VPOS="355" CONTENT="maximum">
              <Shape>
                <Polygon POINTS="615,355 843,355 843,396 615,396"/>
              </Shape>
            </String>
          </TextLine>
          <TextLine ID="region0000_line0005" HEIGHT="58" WIDTH="746" HPOS="95" VPOS="409">
            <Shape>
              <Polygon POINTS="95,409 841,409 841,467 95,467"/>
            </Shape>
            <String ID="region0000_line0005_word0000" HEIGHT="46" WIDTH="205" HPOS="95" VPOS="421" CONTENT="Chriſtum">
              <Shape>
                <Polygon POINTS="95,421 300,421 300,467 95,467"/>
              </Shape>
            </String>
            <SP/>
            <String ID="region0000_line0005_word0001" HEIGHT="39" WIDTH="33" HPOS="316" VPOS="419" CONTENT="ſe">
              <Shape>
                <Polygon POINTS="316,419 349,419 349,458 316,458"/>
              </Shape>
            </String>
            <SP/>
            <String ID="region0000_line0005_word0002" HEIGHT="28" WIDTH="113" HPOS="369" VPOS="428" CONTENT="antea">
              <Shape>
                <Polygon POINTS="369,428 482,428 482,456 369,456"/>
              </Shape>
            </String>
            <SP/>
            <String ID="region0000_line0005_word0003" HEIGHT="55" WIDTH="199" HPOS="501" VPOS="410" CONTENT="diſcipulis">
              <Shape>
                <Polygon POINTS="501,410 700,410 700,465 501,465"/>
              </Shape>
            </String>
            <SP/>
            <String ID="region0000_line0005_word0004" HEIGHT="37" WIDTH="39" HPOS="722" VPOS="411" CONTENT="in">
              <Shape>
                <Polygon POINTS="722,411 761,411 761,448 722,448"/>
              </Shape>
            </String>
            <SP/>
            <String ID="region0000_line0005_word0005" HEIGHT="39" WIDTH="59" HPOS="782" VPOS="409" CONTENT="ci-">
              <Shape>
                <Polygon POINTS="782,409 841,409 841,448 782,448"/>
              </Shape>
            </String>
          </TextLine>
          <TextLine ID="region0000_line0006" HEIGHT="53" WIDTH="747" HPOS="96" VPOS="473">
            <Shape>
              <Polygon POINTS="96,473 843,473 843,526 96,526"/>
            </Shape>
            <String ID="region0000_line0006_word0000" HEIGHT="40" WIDTH="97" HPOS="96" VPOS="481" CONTENT="bum">
              <Shape>
                <Polygon POINTS="96,481 193,481 193,521 96,521"/>
              </Shape>
            </String>
            <SP/>
            <String ID="region0000_line0006_word0001" HEIGHT="45" WIDTH="239" HPOS="212" VPOS="473" CONTENT="exhibuiſſe,">
              <Shape>
                <Polygon POINTS="212,473 451,473 451,518 212,518"/>
              </Shape>
            </String>
            <SP/>
            <String ID="region0000_line0006_word0002" HEIGHT="45" WIDTH="121" HPOS="477" VPOS="481" CONTENT="quam">
              <Shape>
                <Polygon POINTS="477,481 598,481 598,526 477,526"/>
              </Shape>
            </String>
            <SP/>
            <String ID="region0000_line0006_word0003" HEIGHT="28" WIDTH="145" HPOS="616" VPOS="478" CONTENT="eorum">
              <Shape>
                <Polygon POINTS="616,478 761,478 761,506 616,506"/>
              </Shape>
            </String>
            <SP/>
            <String ID="region0000_line0006_word0004" HEIGHT="43" WIDTH="72" HPOS="771" VPOS="475" CONTENT="pe-">
              <Shape>
                <Polygon POINTS="771,475 843,475 843,518 771,518"/>
              </Shape>
            </String>
          </TextLine>
          <TextLine ID="region0000_line0007" HEIGHT="62" WIDTH="744" HPOS="97" VPOS="521">
            <Shape>
              <Polygon POINTS="97,521 841,521 841,583 97,583"/>
            </Shape>
            <String ID="region0000_line0007_word0000" HEIGHT="42" WIDTH="70" HPOS="97" VPOS="537" CONTENT="des">
              <Shape>
                <Polygon POINTS="97,537 167,537 167,579 97,579"/>
              </Shape>
            </String>
            <SP/>
            <String ID="region0000_line0007_word0001" HEIGHT="43" WIDTH="182" HPOS="186" VPOS="532" CONTENT="levaſlet:">
              <Shape>
                <Polygon POINTS="186,532 368,532 368,575 186,575"/>
              </Shape>
            </String>
            <SP/>
            <String ID="region0000_line0007_word0002" HEIGHT="42" WIDTH="83" HPOS="430" VPOS="541" CONTENT="quo">
              <Shape>
                <Polygon POINTS="430,541 513,541 513,583 430,583"/>
              </Shape>
            </String>
            <SP/>
            <String ID="region0000_line0007_word0003" HEIGHT="45" WIDTH="146" HPOS="531" VPOS="524" CONTENT="ſcilicet">
              <Shape>
                <Polygon POINTS="531,524 677,524 677,569 531,569"/>
              </Shape>
            </String>
            <SP/>
            <String ID="region0000_line0007_word0004" HEIGHT="40" WIDTH="87" HPOS="690" VPOS="521" CONTENT="terſi">
              <Shape>
                <Polygon POINTS="690,521 777,521 777,561 690,561"/>
              </Shape>
            </String>
            <SP/>
            <String ID="region0000_line0007_word0005" HEIGHT="29" WIDTH="47" HPOS="794" VPOS="532" CONTENT="ac">
              <Shape>
                <Polygon POINTS="794,532 841,532 841,561 794,561"/>
              </Shape>
            </String>
          </TextLine>
          <TextLine ID="region0000_line0008" HEIGHT="69" WIDTH="746" HPOS="99" VPOS="579">
            <Shape>
              <Polygon POINTS="99,579 845,579 845,648 99,648"/>
            </Shape>
            <String ID="region0000_line0008_word0000" HEIGHT="59" WIDTH="155" HPOS="99" VPOS="589" CONTENT="mundi,">
              <Shape>
                <Polygon POINTS="99,589 254,589 254,648 99,648"/>
              </Shape>
            </String>
            <SP/>
            <String ID="region0000_line0008_word0001" HEIGHT="69" WIDTH="59" HPOS="280" VPOS="579" CONTENT="per">
              <Shape>
                <Polygon POINTS="339,579 280,579 280,648 339,648"/>
              </Shape>
            </String>
            <SP/>
            <String ID="region0000_line0008_word0002" HEIGHT="37" WIDTH="187" HPOS="333" VPOS="591" CONTENT="ſemitas">
              <Shape>
                <Polygon POINTS="333,591 520,591 520,628 333,628"/>
              </Shape>
            </String>
            <SP/>
            <String ID="region0000_line0008_word0003" HEIGHT="37" WIDTH="176" HPOS="532" VPOS="585" CONTENT="veritatis">
              <Shape>
                <Polygon POINTS="532,585 708,585 708,622 532,622"/>
              </Shape>
            </String>
            <SP/>
            <String ID="region0000_line0008_word0004" HEIGHT="38" WIDTH="108" HPOS="737" VPOS="579" CONTENT="ince-">
              <Shape>
                <Polygon POINTS="737,579 845,579 845,617 737,617"/>
              </Shape>
            </String>
          </TextLine>
          <TextLine ID="region0000_line0009" HEIGHT="66" WIDTH="747" HPOS="99" VPOS="634">
            <Shape>
              <Polygon POINTS="99,634 846,634 846,700 99,700"/>
            </Shape>
            <String ID="region0000_line0009_word0000" HEIGHT="41" WIDTH="169" HPOS="99" VPOS="650" CONTENT="derent:">
              <Shape>
                <Polygon POINTS="99,650 268,650 268,691 99,691"/>
              </Shape>
            </String>
            <SP/>
            <String ID="region0000_line0009_word0001" HEIGHT="52" WIDTH="126" HPOS="287" VPOS="648" CONTENT="ſeque">
              <Shape>
                <Polygon POINTS="287,648 413,648 413,700 287,700"/>
              </Shape>
            </String>
            <SP/>
            <String ID="region0000_line0009_word0002" HEIGHT="41" WIDTH="44" HPOS="428" VPOS="641" CONTENT="ad">
              <Shape>
                <Polygon POINTS="428,641 472,641 472,682 428,682"/>
              </Shape>
            </String>
            <SP/>
            <String ID="region0000_line0009_word0003" HEIGHT="57" WIDTH="288" HPOS="483" VPOS="634" CONTENT="invulgandam">
              <Shape>
                <Polygon POINTS="483,634 771,634 771,691 483,691"/>
              </Shape>
            </String>
            <SP/>
            <String ID="region0000_line0009_word0004" HEIGHT="38" WIDTH="56" HPOS="790" VPOS="635" CONTENT="ſa-">
              <Shape>
                <Polygon POINTS="790,635 846,635 846,673 790,673"/>
              </Shape>
            </String>
          </TextLine>
          <TextLine ID="region0000_line0010" HEIGHT="61" WIDTH="747" HPOS="100" VPOS="696">
            <Shape>
              <Polygon POINTS="100,696 847,696 847,757 100,757"/>
            </Shape>
            <String ID="region0000_line0010_word0000" HEIGHT="41" WIDTH="127" HPOS="100" VPOS="707" CONTENT="lutem">
              <Shape>
                <Polygon POINTS="100,707 227,707 227,748 100,748"/>
              </Shape>
            </String>
            <SP/>
            <String ID="region0000_line0010_word0001" HEIGHT="58" WIDTH="189" HPOS="250" VPOS="699" CONTENT="gentibus">
              <Shape>
                <Polygon POINTS="250,699 439,699 439,757 250,757"/>
              </Shape>
            </String>
            <SP/>
            <String ID="region0000_line0010_word0002" HEIGHT="48" WIDTH="289" HPOS="460" VPOS="699" CONTENT="accingerent,">
              <Shape>
                <Polygon POINTS="460,699 749,699 749,747 460,747"/>
              </Shape>
            </String>
            <SP/>
            <String ID="region0000_line0010_word0003" HEIGHT="33" WIDTH="47" HPOS="800" VPOS="696" CONTENT="ut">
              <Shape>
                <Polygon POINTS="800,696 847,696 847,729 800,729"/>
              </Shape>
            </String>
          </TextLine>
          <TextLine ID="region0000_line0011" HEIGHT="55" WIDTH="747" HPOS="100" VPOS="749">
            <Shape>
              <Polygon POINTS="100,749 847,749 847,804 100,804"/>
            </Shape>
            <String ID="region0000_line0011_word0000" HEIGHT="28" WIDTH="96" HPOS="100" VPOS="776" CONTENT="cum">
              <Shape>
                <Polygon POINTS="100,776 196,776 196,804 100,804"/>
              </Shape>
            </String>
            <SP/>
            <String ID="region0000_line0011_word0001" HEIGHT="40" WIDTH="106" HPOS="220" VPOS="761" CONTENT="Elaia">
              <Shape>
                <Polygon POINTS="220,761 326,761 326,801 220,801"/>
              </Shape>
            </String>
            <SP/>
            <String ID="region0000_line0011_word0002" HEIGHT="39" WIDTH="111" HPOS="344" VPOS="758" CONTENT="liceat">
              <Shape>
                <Polygon POINTS="344,758 455,758 455,797 344,797"/>
              </Shape>
            </String>
            <SP/>
            <String ID="region0000_line0011_word0003" HEIGHT="43" WIDTH="115" HPOS="477" VPOS="751" CONTENT="nobis">
              <Shape>
                <Polygon POINTS="477,751 592,751 592,794 477,794"/>
              </Shape>
            </String>
            <SP/>
            <String ID="region0000_line0011_word0004" HEIGHT="42" WIDTH="244" HPOS="603" VPOS="749" CONTENT="exclamare.">
              <Shape>
                <Polygon POINTS="603,749 847,749 847,791 603,791"/>
              </Shape>
            </String>
          </TextLine>
          <TextLine ID="region0000_line0012" HEIGHT="72" WIDTH="748" HPOS="101" VPOS="798">
            <Shape>
              <Polygon POINTS="101,798 849,798 849,870 101,870"/>
            </Shape>
            <String ID="region0000_line0012_word0000" HEIGHT="46" WIDTH="134" HPOS="101" VPOS="821" CONTENT="Quam">
              <Shape>
                <Polygon POINTS="101,821 235,821 235,867 101,867"/>
              </Shape>
            </String>
            <SP/>
            <String ID="region0000_line0012_word0001" HEIGHT="58" WIDTH="161" HPOS="248" VPOS="812" CONTENT="ſpecioſi">
              <Shape>
                <Polygon POINTS="248,812 409,812 409,870 248,870"/>
              </Shape>
            </String>
            <SP/>
            <String ID="region0000_line0012_word0002" HEIGHT="54" WIDTH="120" HPOS="429" VPOS="811" CONTENT="pedes">
              <Shape>
                <Polygon POINTS="429,811 549,811 549,865 429,865"/>
              </Shape>
            </String>
            <SP/>
            <String ID="region0000_line0012_word0003" HEIGHT="62" WIDTH="282" HPOS="567" VPOS="798" CONTENT="evangelizan-">
              <Shape>
                <Polygon POINTS="567,798 849,798 849,860 567,860"/>
              </Shape>
            </String>
          </TextLine>
          <TextLine ID="region0000_line0013" HEIGHT="72" WIDTH="747" HPOS="103" VPOS="857">
            <Shape>
              <Polygon POINTS="103,857 850,857 850,929 103,929"/>
            </Shape>
            <String ID="region0000_line0013_word0000" HEIGHT="37" WIDTH="100" HPOS="103" VPOS="879" CONTENT="tium">
              <Shape>
                <Polygon POINTS="103,879 203,879 203,916 103,916"/>
              </Shape>
            </String>
            <SP/>
            <String ID="region0000_line0013_word0001" HEIGHT="53" WIDTH="161" HPOS="218" VPOS="876" CONTENT="pacem!">
              <Shape>
                <Polygon POINTS="218,876 379,876 379,929 218,929"/>
              </Shape>
            </String>
            <SP/>
            <String ID="region0000_line0013_word0002" HEIGHT="37" WIDTH="37" HPOS="414" VPOS="870" CONTENT="&amp;">
              <Shape>
                <Polygon POINTS="414,870 451,870 451,907 414,907"/>
              </Shape>
            </String>
            <SP/>
            <String ID="region0000_line0013_word0003" HEIGHT="31" WIDTH="86" HPOS="462" VPOS="878" CONTENT="non">
              <Shape>
                <Polygon POINTS="462,878 548,878 548,909 462,909"/>
              </Shape>
            </String>
            <SP/>
            <String ID="region0000_line0013_word0004" HEIGHT="41" WIDTH="79" HPOS="560" VPOS="863" CONTENT="ſine">
              <Shape>
                <Polygon POINTS="560,863 639,863 639,904 560,904"/>
              </Shape>
            </String>
            <SP/>
            <String ID="region0000_line0013_word0005" HEIGHT="48" WIDTH="131" HPOS="649" VPOS="857" CONTENT="cauſa,">
              <Shape>
                <Polygon POINTS="649,857 780,857 780,905 649,905"/>
              </Shape>
            </String>
            <SP/>
            <String ID="region0000_line0013_word0006" HEIGHT="30" WIDTH="55" HPOS="795" VPOS="867" CONTENT="ex">
              <Shape>
                <Polygon POINTS="795,867 850,867 850,897 795,897"/>
              </Shape>
            </String>
          </TextLine>
          <TextLine ID="region0000_line0014" HEIGHT="59" WIDTH="746" HPOS="104" VPOS="914">
            <Shape>
              <Polygon POINTS="104,914 850,914 850,973 104,973"/>
            </Shape>
            <String ID="region0000_line0014_word0000" HEIGHT="41" WIDTH="127" HPOS="104" VPOS="932" CONTENT="veteri">
              <Shape>
                <Polygon POINTS="104,932 231,932 231,973 104,973"/>
              </Shape>
            </String>
            <SP/>
            <String ID="region0000_line0014_word0001" HEIGHT="39" WIDTH="208" HPOS="257" VPOS="930" CONTENT="ſacrorum">
              <Shape>
                <Polygon POINTS="257,930 465,930 465,969 257,969"/>
              </Shape>
            </String>
            <SP/>
            <String ID="region0000_line0014_word0002" HEIGHT="43" WIDTH="184" HPOS="496" VPOS="919" CONTENT="inſtituto">
              <Shape>
                <Polygon POINTS="496,919 680,919 680,962 496,962"/>
              </Shape>
            </String>
            <SP/>
            <String ID="region0000_line0014_word0003" HEIGHT="41" WIDTH="125" HPOS="725" VPOS="914" CONTENT="ſanci-">
              <Shape>
                <Polygon POINTS="725,914 850,914 850,955 725,955"/>
              </Shape>
            </String>
          </TextLine>
          <TextLine ID="region0000_line0015" HEIGHT="65" WIDTH="747" HPOS="104" VPOS="970">
            <Shape>
              <Polygon POINTS="104,970 851,970 851,1035 104,1035"/>
            </Shape>
            <String ID="region0000_line0015_word0000" HEIGHT="32" WIDTH="88" HPOS="104" VPOS="998" CONTENT="tum">
              <Shape>
                <Polygon POINTS="104,998 192,998 192,1030 104,1030"/>
              </Shape>
            </String>
            <SP/>
            <String ID="region0000_line0015_word0001" HEIGHT="43" WIDTH="76" HPOS="204" VPOS="983" CONTENT="eſt:">
              <Shape>
                <Polygon POINTS="204,983 280,983 280,1026 204,1026"/>
              </Shape>
            </String>
            <SP/>
            <String ID="region0000_line0015_word0002" HEIGHT="51" WIDTH="144" HPOS="310" VPOS="984" CONTENT="nequis">
              <Shape>
                <Polygon POINTS="310,984 454,984 454,1035 310,1035"/>
              </Shape>
            </String>
            <SP/>
            <String ID="region0000_line0015_word0003" HEIGHT="42" WIDTH="118" HPOS="471" VPOS="977" CONTENT="illotis">
              <Shape>
                <Polygon POINTS="471,977 589,977 589,1019 471,1019"/>
              </Shape>
            </String>
            <SP/>
            <String ID="region0000_line0015_word0004" HEIGHT="59" WIDTH="169" HPOS="601" VPOS="970" CONTENT="pedibus">
              <Shape>
                <Polygon POINTS="601,970 770,970 770,1029 601,1029"/>
              </Shape>
            </String>
            <SP/>
            <String ID="region0000_line0015_word0005" HEIGHT="33" WIDTH="68" HPOS="783" VPOS="976" CONTENT="aut">
              <Shape>
                <Polygon POINTS="783,976 851,976 851,1009 783,1009"/>
              </Shape>
            </String>
          </TextLine>
          <TextLine ID="region0000_line0016" HEIGHT="66" WIDTH="747" HPOS="104" VPOS="1023">
            <Shape>
              <Polygon POINTS="104,1023 851,1023 851,1089 104,1089"/>
            </Shape>
            <String ID="region0000_line0016_word0000" HEIGHT="43" WIDTH="189" HPOS="104" VPOS="1042" CONTENT="manibus">
              <Shape>
                <Polygon POINTS="104,1042 293,1042 293,1085 104,1085"/>
              </Shape>
            </String>
            <SP/>
            <String ID="region0000_line0016_word0001" HEIGHT="41" WIDTH="36" HPOS="310" VPOS="1041" CONTENT="ſe">
              <Shape>
                <Polygon POINTS="310,1041 346,1041 346,1082 310,1082"/>
              </Shape>
            </String>
            <SP/>
            <String ID="region0000_line0016_word0002" HEIGHT="41" WIDTH="40" HPOS="362" VPOS="1039" CONTENT="in">
              <Shape>
                <Polygon POINTS="362,1039 402,1039 402,1080 362,1080"/>
              </Shape>
            </String>
            <SP/>
            <String ID="region0000_line0016_word0003" HEIGHT="59" WIDTH="259" HPOS="420" VPOS="1030" CONTENT="conſpectum">
              <Shape>
                <Polygon POINTS="420,1030 679,1030 679,1089 420,1089"/>
              </Shape>
            </String>
            <SP/>
            <String ID="region0000_line0016_word0004" HEIGHT="44" WIDTH="144" HPOS="707" VPOS="1023" CONTENT="afferat">
              <Shape>
                <Polygon POINTS="707,1023 851,1023 851,1067 707,1067"/>
              </Shape>
            </String>
          </TextLine>
          <TextLine ID="region0000_line0017" HEIGHT="60" WIDTH="747" HPOS="106" VPOS="1082">
            <Shape>
              <Polygon POINTS="106,1082 853,1082 853,1142 106,1142"/>
            </Shape>
            <String ID="region0000_line0017_word0000" HEIGHT="41" WIDTH="146" HPOS="106" VPOS="1101" CONTENT="ſummi">
              <Shape>
                <Polygon POINTS="106,1101 252,1101 252,1142 106,1142"/>
              </Shape>
            </String>
            <SP/>
            <String ID="region0000_line0017_word0001" HEIGHT="43" WIDTH="200" HPOS="264" VPOS="1095" CONTENT="numinis.">
              <Shape>
                <Polygon POINTS="264,1095 464,1095 464,1138 264,1138"/>
              </Shape>
            </String>
            <SP/>
            <String ID="region0000_line0017_word0002" HEIGHT="47" WIDTH="174" HPOS="549" VPOS="1083" CONTENT="Proinde">
              <Shape>
                <Polygon POINTS="549,1083 723,1083 723,1130 549,1130"/>
              </Shape>
            </String>
            <SP/>
            <String ID="region0000_line0017_word0003" HEIGHT="55" WIDTH="111" HPOS="742" VPOS="1082" CONTENT="quis-">
              <Shape>
                <Polygon POINTS="742,1082 853,1082 853,1137 742,1137"/>
              </Shape>
            </String>
          </TextLine>
          <TextLine ID="region0000_line0018" HEIGHT="79" WIDTH="743" HPOS="108" VPOS="1132">
            <Shape>
              <Polygon POINTS="108,1132 851,1132 851,1211 108,1211"/>
            </Shape>
            <String ID="region0000_line0018_word0000" HEIGHT="53" WIDTH="91" HPOS="108" VPOS="1158" CONTENT="quis">
              <Shape>
                <Polygon POINTS="108,1158 199,1158 199,1211 108,1211"/>
              </Shape>
            </String>
            <SP/>
            <String ID="region0000_line0018_word0001" HEIGHT="31" WIDTH="85" HPOS="250" VPOS="1163" CONTENT="tam">
              <Shape>
                <Polygon POINTS="250,1163 335,1163 335,1194 250,1194"/>
              </Shape>
            </String>
            <SP/>
            <String ID="region0000_line0018_word0002" HEIGHT="52" WIDTH="192" HPOS="367" VPOS="1151" CONTENT="opimum">
              <Shape>
                <Polygon POINTS="367,1151 559,1151 559,1203 367,1203"/>
              </Shape>
            </String>
            <SP/>
            <String ID="region0000_line0018_word0003" HEIGHT="30" WIDTH="45" HPOS="594" VPOS="1155" CONTENT="ac">
              <Shape>
                <Polygon POINTS="594,1155 639,1155 639,1185 594,1185"/>
              </Shape>
            </String>
            <SP/>
            <String ID="region0000_line0018_word0004" HEIGHT="65" WIDTH="174" HPOS="677" VPOS="1132" CONTENT="coeleſte">
              <Shape>
                <Polygon POINTS="677,1132 851,1132 851,1197 677,1197"/>
              </Shape>
            </String>
          </TextLine>
          <TextLine ID="region0000_line0019" HEIGHT="53" WIDTH="746" HPOS="110" VPOS="1200">
            <Shape>
              <Polygon POINTS="110,1200 856,1200 856,1253 110,1253"/>
            </Shape>
            <String ID="region0000_line0019_word0000" HEIGHT="41" WIDTH="239" HPOS="110" VPOS="1212" CONTENT="convivium">
              <Shape>
                <Polygon POINTS="110,1212 349,1212 349,1253 110,1253"/>
              </Shape>
            </String>
            <SP/>
            <String ID="region0000_line0019_word0001" HEIGHT="39" WIDTH="180" HPOS="368" VPOS="1208" CONTENT="aditurus">
              <Shape>
                <Polygon POINTS="368,1208 548,1208 548,1247 368,1247"/>
              </Shape>
            </String>
            <SP/>
            <String ID="region0000_line0019_word0002" HEIGHT="41" WIDTH="70" HPOS="567" VPOS="1200" CONTENT="eſt,">
              <Shape>
                <Polygon POINTS="567,1200 637,1200 637,1241 567,1241"/>
              </Shape>
            </String>
            <SP/>
            <String ID="region0000_line0019_word0003" HEIGHT="29" WIDTH="95" HPOS="653" VPOS="1209" CONTENT="eum">
              <Shape>
                <Polygon POINTS="653,1209 748,1209 748,1238 653,1238"/>
              </Shape>
            </String>
            <SP/>
            <String ID="region0000_line0019_word0004" HEIGHT="33" WIDTH="95" HPOS="761" VPOS="1203" CONTENT="ante">
              <Shape>
                <Polygon POINTS="761,1203 856,1203 856,1236 761,1236"/>
              </Shape>
            </String>
          </TextLine>
          <TextLine ID="region0000_line0020" HEIGHT="70" WIDTH="748" HPOS="112" VPOS="1251">
            <Shape>
              <Polygon POINTS="112,1251 860,1251 860,1321 112,1321"/>
            </Shape>
            <String ID="region0000_line0020_word0000" HEIGHT="39" WIDTH="142" HPOS="112" VPOS="1271" CONTENT="omnia">
              <Shape>
                <Polygon POINTS="112,1271 254,1271 254,1310 112,1310"/>
              </Shape>
            </String>
            <SP/>
            <String ID="region0000_line0020_word0001" HEIGHT="47" WIDTH="178" HPOS="272" VPOS="1274" CONTENT="oportet,">
              <Shape>
                <Polygon POINTS="272,1274 450,1274 450,1321 272,1321"/>
              </Shape>
            </String>
            <SP/>
            <String ID="region0000_line0020_word0002" HEIGHT="31" WIDTH="45" HPOS="470" VPOS="1271" CONTENT="ut">
              <Shape>
                <Polygon POINTS="470,1271 515,1271 515,1302 470,1302"/>
              </Shape>
            </String>
            <SP/>
            <String ID="region0000_line0020_word0003" HEIGHT="32" WIDTH="180" HPOS="532" VPOS="1267" CONTENT="veterem">
              <Shape>
                <Polygon POINTS="532,1267 712,1267 712,1299 532,1299"/>
              </Shape>
            </String>
            <SP/>
            <String ID="region0000_line0020_word0004" HEIGHT="45" WIDTH="138" HPOS="722" VPOS="1251" CONTENT="homi-">
              <Shape>
                <Polygon POINTS="722,1251 860,1251 860,1296 722,1296"/>
              </Shape>
            </String>
          </TextLine>
          <TextLine ID="region0000_line0021" HEIGHT="65" WIDTH="750" HPOS="110" VPOS="1305">
            <Shape>
              <Polygon POINTS="110,1305 860,1305 860,1370 110,1370"/>
            </Shape>
            <String ID="region0000_line0021_word0000" HEIGHT="31" WIDTH="96" HPOS="110" VPOS="1338" CONTENT="nem">
              <Shape>
                <Polygon POINTS="110,1338 206,1338 206,1369 110,1369"/>
              </Shape>
            </String>
            <SP/>
            <String ID="region0000_line0021_word0001" HEIGHT="33" WIDTH="135" HPOS="226" VPOS="1332" CONTENT="exuat,">
              <Shape>
                <Polygon POINTS="226,1332 361,1332 361,1365 226,1365"/>
              </Shape>
            </String>
            <SP/>
            <String ID="region0000_line0021_word0002" HEIGHT="64" WIDTH="216" HPOS="395" VPOS="1306" CONTENT="novuqque">
              <Shape>
                <Polygon POINTS="611,1306 395,1306 395,1370 611,1370"/>
              </Shape>
            </String>
            <SP/>
            <String ID="region0000_line0021_word0003" HEIGHT="46" WIDTH="161" HPOS="633" VPOS="1310" CONTENT="induat:">
              <Shape>
                <Polygon POINTS="633,1310 794,1310 794,1356 633,1356"/>
              </Shape>
            </String>
            <SP/>
            <String ID="region0000_line0021_word0004" HEIGHT="42" WIDTH="37" HPOS="823" VPOS="1305" CONTENT="ſe">
              <Shape>
                <Polygon POINTS="823,1305 860,1305 860,1347 823,1347"/>
              </Shape>
            </String>
          </TextLine>
          <TextLine ID="region0000_line0022" HEIGHT="54" WIDTH="751" HPOS="113" VPOS="1374">
            <Shape>
              <Polygon POINTS="113,1374 864,1374 864,1428 113,1428"/>
            </Shape>
            <String ID="region0000_line0022_word0000" HEIGHT="45" WIDTH="146" HPOS="113" VPOS="1379" CONTENT="deinde">
              <Shape>
                <Polygon POINTS="113,1379 259,1379 259,1424 113,1424"/>
              </Shape>
            </String>
            <SP/>
            <String ID="region0000_line0022_word0001" HEIGHT="30" WIDTH="46" HPOS="280" VPOS="1391" CONTENT="ac">
              <Shape>
                <Polygon POINTS="280,1391 326,1391 326,1421 280,1421"/>
              </Shape>
            </String>
            <SP/>
            <String ID="region0000_line0022_word0002" HEIGHT="41" WIDTH="67" HPOS="344" VPOS="1379" CONTENT="ſua">
              <Shape>
                <Polygon POINTS="344,1379 411,1379 411,1420 344,1420"/>
              </Shape>
            </String>
            <SP/>
            <String ID="region0000_line0022_word0003" HEIGHT="54" WIDTH="215" HPOS="425" VPOS="1374" CONTENT="diligenter">
              <Shape>
                <Polygon POINTS="425,1374 640,1374 640,1428 425,1428"/>
              </Shape>
            </String>
            <SP/>
            <String ID="region0000_line0022_word0004" HEIGHT="43" WIDTH="209" HPOS="655" VPOS="1375" CONTENT="recogno-">
              <Shape>
                <Polygon POINTS="655,1375 864,1375 864,1418 655,1418"/>
              </Shape>
            </String>
          </TextLine>
          <TextLine ID="region0000_line0023" HEIGHT="69" WIDTH="750" HPOS="112" VPOS="1422">
            <Shape>
              <Polygon POINTS="112,1422 862,1422 862,1491 112,1491"/>
            </Shape>
            <String ID="region0000_line0023_word0000" HEIGHT="43" WIDTH="101" HPOS="112" VPOS="1440" CONTENT="ſcat,">
              <Shape>
                <Polygon POINTS="112,1440 213,1440 213,1483 112,1483"/>
              </Shape>
            </String>
            <SP/>
            <String ID="region0000_line0023_word0001" HEIGHT="40" WIDTH="20" HPOS="249" VPOS="1439" CONTENT="&amp;">
              <Shape>
                <Polygon POINTS="249,1439 269,1439 269,1479 249,1479"/>
              </Shape>
            </String>
            <SP/>
            <String ID="region0000_line0023_word0002" HEIGHT="69" WIDTH="39" HPOS="294" VPOS="1422" CONTENT="ſi">
              <Shape>
                <Polygon POINTS="333,1422 294,1422 294,1491 333,1491"/>
              </Shape>
            </String>
            <SP/>
            <String ID="region0000_line0023_word0003" HEIGHT="58" WIDTH="97" HPOS="333" VPOS="1433" CONTENT="quid">
              <Shape>
                <Polygon POINTS="333,1433 430,1433 430,1491 333,1491"/>
              </Shape>
            </String>
            <SP/>
            <String ID="region0000_line0023_word0004" HEIGHT="42" WIDTH="56" HPOS="448" VPOS="1431" CONTENT="eſt">
              <Shape>
                <Polygon POINTS="448,1431 504,1431 504,1473 448,1473"/>
              </Shape>
            </String>
            <SP/>
            <String ID="region0000_line0023_word0005" HEIGHT="42" WIDTH="62" HPOS="523" VPOS="1428" CONTENT="vel">
              <Shape>
                <Polygon POINTS="523,1428 585,1428 585,1470 523,1470"/>
              </Shape>
            </String>
            <SP/>
            <String ID="region0000_line0023_word0006" HEIGHT="59" WIDTH="262" HPOS="600" VPOS="1422" CONTENT="pulverulen-">
              <Shape>
                <Polygon POINTS="600,1422 862,1422 862,1481 600,1481"/>
              </Shape>
            </String>
          </TextLine>
          <TextLine ID="region0000_line0024" HEIGHT="63" WIDTH="753" HPOS="114" VPOS="1482">
            <Shape>
              <Polygon POINTS="114,1482 867,1482 867,1545 114,1545"/>
            </Shape>
            <String ID="region0000_line0024_word0000" HEIGHT="31" WIDTH="89" HPOS="114" VPOS="1505" CONTENT="tum">
              <Shape>
                <Polygon POINTS="114,1505 203,1505 203,1536 114,1536"/>
              </Shape>
            </String>
            <SP/>
            <String ID="region0000_line0024_word0001" HEIGHT="41" WIDTH="63" HPOS="222" VPOS="1495" CONTENT="vel">
              <Shape>
                <Polygon POINTS="222,1495 285,1495 285,1536 222,1536"/>
              </Shape>
            </String>
            <SP/>
            <String ID="region0000_line0024_word0002" HEIGHT="56" WIDTH="297" HPOS="296" VPOS="1489" CONTENT="contagioſum,">
              <Shape>
                <Polygon POINTS="296,1489 593,1489 593,1545 296,1545"/>
              </Shape>
            </String>
            <SP/>
            <String ID="region0000_line0024_word0003" HEIGHT="63" WIDTH="48" HPOS="607" VPOS="1482" CONTENT="id">
              <Shape>
                <Polygon POINTS="655,1482 607,1482 607,1545 655,1545"/>
              </Shape>
            </String>
            <SP/>
            <String ID="region0000_line0024_word0004" HEIGHT="33" WIDTH="101" HPOS="672" VPOS="1490" CONTENT="omne">
              <Shape>
                <Polygon POINTS="672,1490 773,1490 773,1523 672,1523"/>
              </Shape>
            </String>
            <SP/>
            <String ID="region0000_line0024_word0005" HEIGHT="32" WIDTH="68" HPOS="799" VPOS="1488" CONTENT="ex-">
              <Shape>
                <Polygon POINTS="799,1488 867,1488 867,1520 799,1520"/>
              </Shape>
            </String>
          </TextLine>
          <TextLine ID="region0000_line0025" HEIGHT="86" WIDTH="754" HPOS="114" VPOS="1527">
            <Shape>
              <Polygon POINTS="114,1527 868,1527 868,1613 114,1613"/>
            </Shape>
            <String ID="region0000_line0025_word0000" HEIGHT="41" WIDTH="127" HPOS="114" VPOS="1555" CONTENT="cutiat">
              <Shape>
                <Polygon POINTS="114,1555 241,1555 241,1596 114,1596"/>
              </Shape>
            </String>
            <SP/>
            <String ID="region0000_line0025_word0001" HEIGHT="45" WIDTH="35" HPOS="265" VPOS="1564" CONTENT="ac">
              <Shape>
                <Polygon POINTS="265,1564 300,1564 300,1609 265,1609"/>
              </Shape>
            </String>
            <SP/>
            <String ID="region0000_line0025_word0002" HEIGHT="69" WIDTH="197" HPOS="322" VPOS="1544" CONTENT="detergat:">
              <Shape>
                <Polygon POINTS="322,1544 519,1544 519,1613 322,1613"/>
              </Shape>
            </String>
            <SP/>
            <String ID="region0000_line0025_word0003" HEIGHT="45" WIDTH="51" HPOS="550" VPOS="1551" CONTENT="ut">
              <Shape>
                <Polygon POINTS="550,1551 601,1551 601,1596 550,1596"/>
              </Shape>
            </String>
            <SP/>
            <String ID="region0000_line0025_word0004" HEIGHT="73" WIDTH="243" HPOS="625" VPOS="1527" CONTENT="commode-">
              <Shape>
                <Polygon POINTS="625,1527 868,1527 868,1600 625,1600"/>
              </Shape>
            </String>
          </TextLine>
          <TextLine ID="region0000_line0026" HEIGHT="45" WIDTH="109" HPOS="757" VPOS="1600">
            <Shape>
              <Polygon POINTS="757,1600 866,1600 866,1645 757,1645"/>
            </Shape>
            <String ID="region0000_line0026_word0000" HEIGHT="45" WIDTH="109" HPOS="757" VPOS="1600" CONTENT="ejus,">
              <Shape>
                <Polygon POINTS="757,1600 866,1600 866,1645 757,1645"/>
              </Shape>
            </String>
          </TextLine>
        </TextBlock>
      </PrintSpace>
    </Page>
  </Layout>
</alto>
