<?xml version='1.0' encoding='UTF-8' standalone='yes'?>
<alto xmlns:xsi="http://www.w3.org/2001/XMLSchema-instance" xmlns="http://www.loc.gov/standards/alto/ns-v4#" xsi:schemaLocation="http://www.loc.gov/standards/alto/ns-v4# http://www.loc.gov/standards/alto/v4/alto-4-2.xsd" SCHEMAVERSION="4.2">
  <Description>
    <MeasurementUnit>pixel</MeasurementUnit>
    <sourceImageInformation>
      <fileName>FILE_0011_ORIGINAL.jpg</fileName>
    </sourceImageInformation>
    <Processing ID="ocrd-tesserocr-recognize-0">
      <processingStepDescription>layout/segmentation/region</processingStepDescription>
      <processingStepSettings>{"segmentation_level": "region", "model": "frak2021", "dpi": "0", "padding": "0", "textequiv_level": "word", "overwrite_segments": "False", "overwrite_text": "True", "shrink_polygons": "False", "block_polygons": "False", "find_tables": "True", "find_staves": "False", "sparse_text": "False", "raw_lines": "False", "char_whitelist": "", "char_blacklist": "", "char_unblacklist": "", "tesseract_parameters": "{}", "xpath_parameters": "{}", "xpath_model": "{}", "auto_model": "False", "oem": "DEFAULT"}</processingStepSettings>
      <processingSoftware>
        <softwareName>ocrd-tesserocr-recognize</softwareName>
      </processingSoftware>
    </Processing>
  </Description>
  <Styles/>
  <Tags>
    <LayoutTag ID="layouttag-floating" LABEL="floating"/>
  </Tags>
  <Layout>
    <Page ID="OCR-D-OCR_0002" PHYSICAL_IMG_NR="0" WIDTH="1107" HEIGHT="1845">
      <PrintSpace VPOS="0" HPOS="0" HEIGHT="1845" WIDTH="1107">
        <Illustration ID="region0007" HEIGHT="1845" WIDTH="52" HPOS="1055" VPOS="0">
          <Shape>
            <Polygon POINTS="1055,0 1107,0 1107,1845 1055,1845"/>
          </Shape>
        </Illustration>
        <GraphicalElement ID="region0000" HEIGHT="635" WIDTH="12" HPOS="16" VPOS="988">
          <Shape>
            <Polygon POINTS="16,988 28,988 28,1623 16,1623"/>
          </Shape>
        </GraphicalElement>
        <GraphicalElement ID="region0001" HEIGHT="635" WIDTH="13" HPOS="16" VPOS="988">
          <Shape>
            <Polygon POINTS="16,988 29,988 29,1623 16,1623"/>
          </Shape>
        </GraphicalElement>
        <GraphicalElement ID="region0003" HEIGHT="5" WIDTH="320" HPOS="504" VPOS="170">
          <Shape>
            <Polygon POINTS="504,170 824,170 824,175 504,175"/>
          </Shape>
        </GraphicalElement>
        <GraphicalElement ID="region0004" HEIGHT="18" WIDTH="405" HPOS="91" VPOS="168">
          <Shape>
            <Polygon POINTS="91,168 496,168 496,186 91,186"/>
          </Shape>
        </GraphicalElement>
        <TextBlock ID="region0002" HEIGHT="248" WIDTH="751" HPOS="80" VPOS="109" IDNEXT="region0005">
          <Shape>
            <Polygon POINTS="80,109 831,109 831,357 80,357"/>
          </Shape>
          <TextLine ID="region0002_line0000" HEIGHT="59" WIDTH="479" HPOS="350" VPOS="109">
            <Shape>
              <Polygon POINTS="350,109 829,109 829,168 350,168"/>
            </Shape>
            <String ID="region0002_line0000_word0000" HEIGHT="38" WIDTH="29" HPOS="800" VPOS="122" CONTENT="9">
              <Shape>
                <Polygon POINTS="800,122 829,122 829,160 800,160"/>
              </Shape>
            </String>
          </TextLine>
          <TextLine ID="region0002_line0001" HEIGHT="67" WIDTH="749" HPOS="80" VPOS="177">
            <Shape>
              <Polygon POINTS="80,177 829,177 829,244 80,244"/>
            </Shape>
            <String ID="region0002_line0001_word0000" HEIGHT="47" WIDTH="40" HPOS="80" VPOS="188" CONTENT="&amp;">
              <Shape>
                <Polygon POINTS="80,188 120,188 120,235 80,235"/>
              </Shape>
            </String>
            <SP/>
            <String ID="region0002_line0001_word0001" HEIGHT="61" WIDTH="209" HPOS="134" VPOS="183" CONTENT="ingenium">
              <Shape>
                <Polygon POINTS="134,183 343,183 343,244 134,244"/>
              </Shape>
            </String>
            <SP/>
            <String ID="region0002_line0001_word0002" HEIGHT="40" WIDTH="226" HPOS="365" VPOS="188" CONTENT="humanum">
              <Shape>
                <Polygon POINTS="365,188 591,188 591,228 365,228"/>
              </Shape>
            </String>
            <SP/>
            <String ID="region0002_line0001_word0003" HEIGHT="67" WIDTH="26" HPOS="594" VPOS="177" CONTENT="a">
              <Shape>
                <Polygon POINTS="620,177 594,177 594,244 620,244"/>
              </Shape>
            </String>
            <SP/>
            <String ID="region0002_line0001_word0004" HEIGHT="58" WIDTH="175" HPOS="654" VPOS="177" CONTENT="ſubjecto">
              <Shape>
                <Polygon POINTS="654,177 829,177 829,235 654,235"/>
              </Shape>
            </String>
          </TextLine>
          <TextLine ID="region0002_line0002" HEIGHT="65" WIDTH="746" HPOS="80" VPOS="237">
            <Shape>
              <Polygon POINTS="80,237 826,237 826,302 80,302"/>
            </Shape>
            <String ID="region0002_line0002_word0000" HEIGHT="57" WIDTH="178" HPOS="80" VPOS="245" CONTENT="quotidie">
              <Shape>
                <Polygon POINTS="80,245 258,245 258,302 80,302"/>
              </Shape>
            </String>
            <SP/>
            <String ID="region0002_line0002_word0001" HEIGHT="42" WIDTH="152" HPOS="276" VPOS="245" CONTENT="lineas,">
              <Shape>
                <Polygon POINTS="276,245 428,245 428,287 276,287"/>
              </Shape>
            </String>
            <SP/>
            <String ID="region0002_line0002_word0002" HEIGHT="57" WIDTH="353" HPOS="473" VPOS="237" CONTENT="ſuperficiemque.">
              <Shape>
                <Polygon POINTS="473,237 826,237 826,294 473,294"/>
              </Shape>
            </String>
          </TextLine>
          <TextLine ID="region0002_line0003" HEIGHT="64" WIDTH="751" HPOS="80" VPOS="293">
            <Shape>
              <Polygon POINTS="80,293 831,293 831,357 80,357"/>
            </Shape>
            <String ID="region0002_line0003_word0000" HEIGHT="38" WIDTH="40" HPOS="80" VPOS="306" CONTENT="&amp;">
              <Shape>
                <Polygon POINTS="80,306 120,306 120,344 80,344"/>
              </Shape>
            </String>
            <SP/>
            <String ID="region0002_line0003_word0001" HEIGHT="42" WIDTH="39" HPOS="136" VPOS="302" CONTENT="ĩd">
              <Shape>
                <Polygon POINTS="136,302 175,302 175,344 136,344"/>
              </Shape>
            </String>
            <SP/>
            <String ID="region0002_line0003_word0002" HEIGHT="44" WIDTH="132" HPOS="190" VPOS="313" CONTENT="genus">
              <Shape>
                <Polygon POINTS="190,313 322,313 322,357 190,357"/>
              </Shape>
            </String>
            <SP/>
            <String ID="region0002_line0003_word0003" HEIGHT="33" WIDTH="155" HPOS="341" VPOS="308" CONTENT="caetera">
              <Shape>
                <Polygon POINTS="341,308 496,308 496,341 341,341"/>
              </Shape>
            </String>
            <SP/>
            <String ID="region0002_line0003_word0004" HEIGHT="43" WIDTH="78" HPOS="513" VPOS="296" CONTENT="ſine">
              <Shape>
                <Polygon POINTS="513,296 591,296 591,339 513,339"/>
              </Shape>
            </String>
            <SP/>
            <String ID="region0002_line0003_word0005" HEIGHT="57" WIDTH="144" HPOS="603" VPOS="293" CONTENT="fraude">
              <Shape>
                <Polygon POINTS="603,293 747,293 747,350 603,350"/>
              </Shape>
            </String>
            <SP/>
            <String ID="region0002_line0003_word0006" HEIGHT="41" WIDTH="71" HPOS="760" VPOS="296" CONTENT="ab-">
              <Shape>
                <Polygon POINTS="760,296 831,296 831,337 760,337"/>
              </Shape>
            </String>
          </TextLine>
        </TextBlock>
        <TextBlock ID="region0005" HEIGHT="176" WIDTH="755" HPOS="75" VPOS="352" TAGREFS="layouttag-floating" IDNEXT="region0006">
          <Shape>
            <Polygon POINTS="75,352 830,352 830,528 75,528"/>
          </Shape>
          <TextLine ID="region0005_line0000" HEIGHT="62" WIDTH="754" HPOS="75" VPOS="352">
            <Shape>
              <Polygon POINTS="75,352 829,352 829,414 75,414"/>
            </Shape>
            <String ID="region0005_line0000_word0000" HEIGHT="56" WIDTH="154" HPOS="75" VPOS="358" CONTENT="jurare.">
              <Shape>
                <Polygon POINTS="75,358 229,358 229,414 75,414"/>
              </Shape>
            </String>
            <SP/>
            <String ID="region0005_line0000_word0001" HEIGHT="52" WIDTH="149" HPOS="264" VPOS="359" CONTENT="Neque">
              <Shape>
                <Polygon POINTS="264,359 413,359 413,411 264,411"/>
              </Shape>
            </String>
            <SP/>
            <String ID="region0005_line0000_word0002" HEIGHT="39" WIDTH="91" HPOS="432" VPOS="356" CONTENT="ſane">
              <Shape>
                <Polygon POINTS="432,356 523,356 523,395 432,395"/>
              </Shape>
            </String>
            <SP/>
            <String ID="region0005_line0000_word0003" HEIGHT="42" WIDTH="284" HPOS="545" VPOS="352" CONTENT="exiſtimemus">
              <Shape>
                <Polygon POINTS="545,352 829,352 829,394 545,394"/>
              </Shape>
            </String>
          </TextLine>
          <TextLine ID="region0005_line0001" HEIGHT="50" WIDTH="750" HPOS="80" VPOS="408">
            <Shape>
              <Polygon POINTS="80,408 830,408 830,458 80,458"/>
            </Shape>
            <String ID="region0005_line0001_word0000" HEIGHT="38" WIDTH="51" HPOS="80" VPOS="420" CONTENT="ita">
              <Shape>
                <Polygon POINTS="131,420 80,420 80,458 131,458"/>
              </Shape>
            </String>
            <SP/>
            <String ID="region0005_line0001_word0001" HEIGHT="44" WIDTH="208" HPOS="149" VPOS="412" CONTENT="Chriſtum">
              <Shape>
                <Polygon POINTS="149,412 357,412 357,456 149,456"/>
              </Shape>
            </String>
            <SP/>
            <String ID="region0005_line0001_word0002" HEIGHT="37" WIDTH="42" HPOS="369" VPOS="416" CONTENT="in">
              <Shape>
                <Polygon POINTS="369,416 411,416 411,453 369,453"/>
              </Shape>
            </String>
            <SP/>
            <String ID="region0005_line0001_word0003" HEIGHT="45" WIDTH="287" HPOS="421" VPOS="408" CONTENT="Evchariſtiam">
              <Shape>
                <Polygon POINTS="421,408 708,408 708,453 421,453"/>
              </Shape>
            </String>
            <SP/>
            <String ID="region0005_line0001_word0004" HEIGHT="39" WIDTH="103" HPOS="727" VPOS="412" CONTENT="reci-">
              <Shape>
                <Polygon POINTS="727,412 830,412 830,451 727,451"/>
              </Shape>
            </String>
          </TextLine>
          <TextLine ID="region0005_line0002" HEIGHT="62" WIDTH="748" HPOS="79" VPOS="466">
            <Shape>
              <Polygon POINTS="79,466 827,466 827,528 79,528"/>
            </Shape>
            <String ID="region0005_line0002_word0000" HEIGHT="53" WIDTH="62" HPOS="79" VPOS="475" CONTENT="pi:">
              <Shape>
                <Polygon POINTS="79,475 141,475 141,528 79,528"/>
              </Shape>
            </String>
            <SP/>
            <String ID="region0005_line0002_word0001" HEIGHT="33" WIDTH="45" HPOS="173" VPOS="480" CONTENT="ut">
              <Shape>
                <Polygon POINTS="173,480 218,480 218,513 173,513"/>
              </Shape>
            </String>
            <SP/>
            <String ID="region0005_line0002_word0002" HEIGHT="37" WIDTH="46" HPOS="232" VPOS="476" CONTENT="in">
              <Shape>
                <Polygon POINTS="232,476 278,476 278,513 232,513"/>
              </Shape>
            </String>
            <SP/>
            <String ID="region0005_line0002_word0003" HEIGHT="42" WIDTH="140" HPOS="284" VPOS="469" CONTENT="locum">
              <Shape>
                <Polygon POINTS="284,469 424,469 424,511 284,511"/>
              </Shape>
            </String>
            <SP/>
            <String ID="region0005_line0002_word0004" HEIGHT="30" WIDTH="64" HPOS="436" VPOS="479" CONTENT="res">
              <Shape>
                <Polygon POINTS="436,479 500,479 500,509 436,509"/>
              </Shape>
            </String>
            <SP/>
            <String ID="region0005_line0002_word0005" HEIGHT="42" WIDTH="151" HPOS="518" VPOS="466" CONTENT="locatae">
              <Shape>
                <Polygon POINTS="518,466 669,466 669,508 518,508"/>
              </Shape>
            </String>
            <SP/>
            <String ID="region0005_line0002_word0006" HEIGHT="54" WIDTH="146" HPOS="681" VPOS="466" CONTENT="recipĩ-">
              <Shape>
                <Polygon POINTS="681,466 827,466 827,520 681,520"/>
              </Shape>
            </String>
          </TextLine>
        </TextBlock>
        <TextBlock ID="region0006" HEIGHT="1117" WIDTH="756" HPOS="76" VPOS="520" IDNEXT="region0007">
          <Shape>
            <Polygon POINTS="76,520 832,520 832,1637 76,1637"/>
          </Shape>
          <TextLine ID="region0006_line0000" HEIGHT="56" WIDTH="751" HPOS="81" VPOS="520">
            <Shape>
              <Polygon POINTS="81,520 832,520 832,576 81,576"/>
            </Shape>
            <String ID="region0006_line0000_word0000" HEIGHT="35" WIDTH="144" HPOS="81" VPOS="536" CONTENT="untur:">
              <Shape>
                <Polygon POINTS="81,536 225,536 225,571 81,571"/>
              </Shape>
            </String>
            <SP/>
            <String ID="region0006_line0000_word0001" HEIGHT="39" WIDTH="42" HPOS="254" VPOS="530" CONTENT="in">
              <Shape>
                <Polygon POINTS="254,530 296,530 296,569 254,569"/>
              </Shape>
            </String>
            <SP/>
            <String ID="region0006_line0000_word0002" HEIGHT="29" WIDTH="45" HPOS="315" VPOS="538" CONTENT="ea">
              <Shape>
                <Polygon POINTS="315,538 360,538 360,567 315,567"/>
              </Shape>
            </String>
            <SP/>
            <String ID="region0006_line0000_word0003" HEIGHT="38" WIDTH="112" HPOS="378" VPOS="528" CONTENT="enim">
              <Shape>
                <Polygon POINTS="378,528 490,528 490,566 378,566"/>
              </Shape>
            </String>
            <SP/>
            <String ID="region0006_line0000_word0004" HEIGHT="45" WIDTH="202" HPOS="510" VPOS="520" CONTENT="individua">
              <Shape>
                <Polygon POINTS="510,520 712,520 712,565 510,565"/>
              </Shape>
            </String>
            <SP/>
            <String ID="region0006_line0000_word0005" HEIGHT="42" WIDTH="102" HPOS="730" VPOS="534" CONTENT="qua-">
              <Shape>
                <Polygon POINTS="730,534 832,534 832,576 730,576"/>
              </Shape>
            </String>
          </TextLine>
          <TextLine ID="region0006_line0001" HEIGHT="59" WIDTH="746" HPOS="80" VPOS="578">
            <Shape>
              <Polygon POINTS="80,578 826,578 826,637 80,637"/>
            </Shape>
            <String ID="region0006_line0001_word0000" HEIGHT="45" WIDTH="92" HPOS="80" VPOS="583" CONTENT="dam">
              <Shape>
                <Polygon POINTS="80,583 172,583 172,628 80,628"/>
              </Shape>
            </String>
            <SP/>
            <String ID="region0006_line0001_word0001" HEIGHT="41" WIDTH="40" HPOS="188" VPOS="584" CONTENT="&amp;">
              <Shape>
                <Polygon POINTS="188,584 228,584 228,625 188,625"/>
              </Shape>
            </String>
            <SP/>
            <String ID="region0006_line0001_word0002" HEIGHT="52" WIDTH="166" HPOS="241" VPOS="585" CONTENT="prorſus">
              <Shape>
                <Polygon POINTS="241,585 407,585 407,637 241,637"/>
              </Shape>
            </String>
            <SP/>
            <String ID="region0006_line0001_word0003" HEIGHT="43" WIDTH="224" HPOS="427" VPOS="578" CONTENT="admirabili">
              <Shape>
                <Polygon POINTS="427,578 651,578 651,621 427,621"/>
              </Shape>
            </String>
            <SP/>
            <String ID="region0006_line0001_word0004" HEIGHT="38" WIDTH="158" HPOS="668" VPOS="582" CONTENT="retione">
              <Shape>
                <Polygon POINTS="668,582 826,582 826,620 668,620"/>
              </Shape>
            </String>
          </TextLine>
          <TextLine ID="region0006_line0002" HEIGHT="60" WIDTH="746" HPOS="81" VPOS="634">
            <Shape>
              <Polygon POINTS="81,634 827,634 827,694 81,694"/>
            </Shape>
            <String ID="region0006_line0002_word0000" HEIGHT="47" WIDTH="166" HPOS="81" VPOS="639" CONTENT="conſtat,">
              <Shape>
                <Polygon POINTS="81,639 247,639 247,686 81,686"/>
              </Shape>
            </String>
            <SP/>
            <String ID="region0006_line0002_word0001" HEIGHT="58" WIDTH="167" HPOS="305" VPOS="636" CONTENT="quando">
              <Shape>
                <Polygon POINTS="305,636 472,636 472,694 305,694"/>
              </Shape>
            </String>
            <SP/>
            <String ID="region0006_line0002_word0002" HEIGHT="54" WIDTH="229" HPOS="492" VPOS="636" CONTENT="ubicunque">
              <Shape>
                <Polygon POINTS="492,636 721,636 721,690 492,690"/>
              </Shape>
            </String>
            <SP/>
            <String ID="region0006_line0002_word0003" HEIGHT="42" WIDTH="81" HPOS="746" VPOS="634" CONTENT="Ev-">
              <Shape>
                <Polygon POINTS="746,634 827,634 827,676 746,676"/>
              </Shape>
            </String>
          </TextLine>
          <TextLine ID="region0006_line0003" HEIGHT="51" WIDTH="747" HPOS="82" VPOS="688">
            <Shape>
              <Polygon POINTS="82,688 829,688 829,739 82,739"/>
            </Shape>
            <String ID="region0006_line0003_word0000" HEIGHT="45" WIDTH="179" HPOS="82" VPOS="694" CONTENT="chariſtia">
              <Shape>
                <Polygon POINTS="82,694 261,694 261,739 82,739"/>
              </Shape>
            </String>
            <SP/>
            <String ID="region0006_line0003_word0001" HEIGHT="40" WIDTH="289" HPOS="282" VPOS="697" CONTENT="conſecratur,">
              <Shape>
                <Polygon POINTS="282,697 571,697 571,737 282,737"/>
              </Shape>
            </String>
            <SP/>
            <String ID="region0006_line0003_word0002" HEIGHT="42" WIDTH="51" HPOS="616" VPOS="691" CONTENT="ibi">
              <Shape>
                <Polygon POINTS="616,691 667,691 667,733 616,733"/>
              </Shape>
            </String>
            <SP/>
            <String ID="region0006_line0003_word0003" HEIGHT="44" WIDTH="149" HPOS="680" VPOS="688" CONTENT="ſolidus">
              <Shape>
                <Polygon POINTS="680,688 829,688 829,732 680,732"/>
              </Shape>
            </String>
          </TextLine>
          <TextLine ID="region0006_line0004" HEIGHT="58" WIDTH="749" HPOS="79" VPOS="749">
            <Shape>
              <Polygon POINTS="79,749 828,749 828,807 79,807"/>
            </Shape>
            <String ID="region0006_line0004_word0000" HEIGHT="43" WIDTH="118" HPOS="79" VPOS="764" CONTENT="atque">
              <Shape>
                <Polygon POINTS="79,764 197,764 197,807 79,807"/>
              </Shape>
            </String>
            <SP/>
            <String ID="region0006_line0004_word0001" HEIGHT="53" WIDTH="161" HPOS="216" VPOS="753" CONTENT="integer">
              <Shape>
                <Polygon POINTS="216,753 377,753 377,806 216,806"/>
              </Shape>
            </String>
            <SP/>
            <String ID="region0006_line0004_word0002" HEIGHT="44" WIDTH="187" HPOS="401" VPOS="749" CONTENT="Chriſtus">
              <Shape>
                <Polygon POINTS="401,749 588,749 588,793 401,793"/>
              </Shape>
            </String>
            <SP/>
            <String ID="region0006_line0004_word0003" HEIGHT="51" WIDTH="221" HPOS="607" VPOS="750" CONTENT="excipitur:">
              <Shape>
                <Polygon POINTS="607,750 828,750 828,801 607,801"/>
              </Shape>
            </String>
          </TextLine>
          <TextLine ID="region0006_line0005" HEIGHT="63" WIDTH="744" HPOS="79" VPOS="801">
            <Shape>
              <Polygon POINTS="79,801 823,801 823,864 79,864"/>
            </Shape>
            <String ID="region0006_line0005_word0000" HEIGHT="43" WIDTH="131" HPOS="79" VPOS="821" CONTENT="neque">
              <Shape>
                <Polygon POINTS="79,821 210,821 210,864 79,864"/>
              </Shape>
            </String>
            <SP/>
            <String ID="region0006_line0005_word0001" HEIGHT="39" WIDTH="43" HPOS="229" VPOS="811" CONTENT="in">
              <Shape>
                <Polygon POINTS="229,811 272,811 272,850 229,850"/>
              </Shape>
            </String>
            <SP/>
            <String ID="region0006_line0005_word0002" HEIGHT="37" WIDTH="46" HPOS="288" VPOS="819" CONTENT="ea">
              <Shape>
                <Polygon POINTS="288,819 334,819 334,856 288,856"/>
              </Shape>
            </String>
            <SP/>
            <String ID="region0006_line0005_word0003" HEIGHT="42" WIDTH="120" HPOS="353" VPOS="808" CONTENT="ſolum,">
              <Shape>
                <Polygon POINTS="353,808 473,808 473,850 353,850"/>
              </Shape>
            </String>
            <SP/>
            <String ID="region0006_line0005_word0004" HEIGHT="51" WIDTH="66" HPOS="495" VPOS="804" CONTENT="ſed">
              <Shape>
                <Polygon POINTS="495,804 561,804 561,855 495,855"/>
              </Shape>
            </String>
            <SP/>
            <String ID="region0006_line0005_word0005" HEIGHT="38" WIDTH="39" HPOS="578" VPOS="808" CONTENT="in">
              <Shape>
                <Polygon POINTS="578,808 617,808 617,846 578,846"/>
              </Shape>
            </String>
            <SP/>
            <String ID="region0006_line0005_word0006" HEIGHT="56" WIDTH="86" HPOS="628" VPOS="801" CONTENT="ejus">
              <Shape>
                <Polygon POINTS="628,801 714,801 714,857 628,857"/>
              </Shape>
            </String>
            <SP/>
            <String ID="region0006_line0005_word0007" HEIGHT="42" WIDTH="97" HPOS="726" VPOS="815" CONTENT="qua-">
              <Shape>
                <Polygon POINTS="726,815 823,815 823,857 726,857"/>
              </Shape>
            </String>
          </TextLine>
          <TextLine ID="region0006_line0006" HEIGHT="62" WIDTH="746" HPOS="79" VPOS="857">
            <Shape>
              <Polygon POINTS="79,857 825,857 825,919 79,919"/>
            </Shape>
            <String ID="region0006_line0006_word0000" HEIGHT="42" WIDTH="164" HPOS="79" VPOS="877" CONTENT="cunque">
              <Shape>
                <Polygon POINTS="79,877 243,877 243,919 79,919"/>
              </Shape>
            </String>
            <SP/>
            <String ID="region0006_line0006_word0001" HEIGHT="50" WIDTH="208" HPOS="260" VPOS="868" CONTENT="portione.">
              <Shape>
                <Polygon POINTS="260,868 468,868 468,918 260,918"/>
              </Shape>
            </String>
            <SP/>
            <String ID="region0006_line0006_word0002" HEIGHT="41" WIDTH="111" HPOS="517" VPOS="862" CONTENT="Haec">
              <Shape>
                <Polygon POINTS="517,862 628,862 628,903 517,903"/>
              </Shape>
            </String>
            <SP/>
            <String ID="region0006_line0006_word0003" HEIGHT="44" WIDTH="55" HPOS="639" VPOS="857" CONTENT="eſt">
              <Shape>
                <Polygon POINTS="639,857 694,857 694,901 639,901"/>
              </Shape>
            </String>
            <SP/>
            <String ID="region0006_line0006_word0004" HEIGHT="39" WIDTH="114" HPOS="711" VPOS="862" CONTENT="enim">
              <Shape>
                <Polygon POINTS="711,862 825,862 825,901 711,901"/>
              </Shape>
            </String>
          </TextLine>
          <TextLine ID="region0006_line0007" HEIGHT="60" WIDTH="748" HPOS="79" VPOS="915">
            <Shape>
              <Polygon POINTS="79,915 827,915 827,975 79,975"/>
            </Shape>
            <String ID="region0006_line0007_word0000" HEIGHT="30" WIDTH="147" HPOS="79" VPOS="933" CONTENT="eorum">
              <Shape>
                <Polygon POINTS="79,933 226,933 226,963 79,963"/>
              </Shape>
            </String>
            <SP/>
            <String ID="region0006_line0007_word0001" HEIGHT="42" WIDTH="226" HPOS="247" VPOS="933" CONTENT="corporum">
              <Shape>
                <Polygon POINTS="247,933 473,933 473,975 247,975"/>
              </Shape>
            </String>
            <SP/>
            <String ID="region0006_line0007_word0002" HEIGHT="43" WIDTH="101" HPOS="484" VPOS="930" CONTENT="quae">
              <Shape>
                <Polygon POINTS="484,930 585,930 585,973 484,973"/>
              </Shape>
            </String>
            <SP/>
            <String ID="region0006_line0007_word0003" HEIGHT="39" WIDTH="39" HPOS="602" VPOS="919" CONTENT="in">
              <Shape>
                <Polygon POINTS="602,919 641,919 641,958 602,958"/>
              </Shape>
            </String>
            <SP/>
            <String ID="region0006_line0007_word0004" HEIGHT="55" WIDTH="176" HPOS="651" VPOS="915" CONTENT="gloriam">
              <Shape>
                <Polygon POINTS="651,915 827,915 827,970 651,970"/>
              </Shape>
            </String>
          </TextLine>
          <TextLine ID="region0006_line0008" HEIGHT="63" WIDTH="748" HPOS="78" VPOS="968">
            <Shape>
              <Polygon POINTS="78,968 826,968 826,1031 78,1031"/>
            </Shape>
            <String ID="region0006_line0008_word0000" HEIGHT="43" WIDTH="163" HPOS="78" VPOS="987" CONTENT="recepta">
              <Shape>
                <Polygon POINTS="78,987 241,987 241,1030 78,1030"/>
              </Shape>
            </String>
            <SP/>
            <String ID="region0006_line0008_word0001" HEIGHT="43" WIDTH="90" HPOS="266" VPOS="979" CONTENT="ſunt">
              <Shape>
                <Polygon POINTS="266,979 356,979 356,1022 266,1022"/>
              </Shape>
            </String>
            <SP/>
            <String ID="region0006_line0008_word0002" HEIGHT="55" WIDTH="305" HPOS="384" VPOS="976" CONTENT="praerogativa:">
              <Shape>
                <Polygon POINTS="384,976 689,976 689,1031 384,1031"/>
              </Shape>
            </String>
            <SP/>
            <String ID="region0006_line0008_word0003" HEIGHT="34" WIDTH="45" HPOS="715" VPOS="982" CONTENT="ut">
              <Shape>
                <Polygon POINTS="715,982 760,982 760,1016 715,1016"/>
              </Shape>
            </String>
            <SP/>
            <String ID="region0006_line0008_word0004" HEIGHT="44" WIDTH="51" HPOS="775" VPOS="968" CONTENT="ad">
              <Shape>
                <Polygon POINTS="775,968 826,968 826,1012 775,1012"/>
              </Shape>
            </String>
          </TextLine>
          <TextLine ID="region0006_line0009" HEIGHT="59" WIDTH="750" HPOS="77" VPOS="1030">
            <Shape>
              <Polygon POINTS="77,1030 827,1030 827,1089 77,1089"/>
            </Shape>
            <String ID="region0006_line0009_word0000" HEIGHT="54" WIDTH="161" HPOS="77" VPOS="1035" CONTENT="ſpiritus">
              <Shape>
                <Polygon POINTS="77,1035 238,1035 238,1089 77,1089"/>
              </Shape>
            </String>
            <SP/>
            <String ID="region0006_line0009_word0001" HEIGHT="52" WIDTH="293" HPOS="256" VPOS="1034" CONTENT="ſimmplicitatem">
              <Shape>
                <Polygon POINTS="256,1034 549,1034 549,1086 256,1086"/>
              </Shape>
            </String>
            <SP/>
            <String ID="region0006_line0009_word0002" HEIGHT="54" WIDTH="261" HPOS="566" VPOS="1030" CONTENT="agihtatemq;">
              <Shape>
                <Polygon POINTS="566,1030 827,1030 827,1084 566,1084"/>
              </Shape>
            </String>
          </TextLine>
          <TextLine ID="region0006_line0010" HEIGHT="57" WIDTH="747" HPOS="78" VPOS="1085">
            <Shape>
              <Polygon POINTS="78,1085 825,1085 825,1142 78,1142"/>
            </Shape>
            <String ID="region0006_line0010_word0000" HEIGHT="44" WIDTH="318" HPOS="78" VPOS="1088" CONTENT="conformentur,">
              <Shape>
                <Polygon POINTS="78,1088 396,1088 396,1132 78,1132"/>
              </Shape>
            </String>
            <SP/>
            <String ID="region0006_line0010_word0001" HEIGHT="39" WIDTH="50" HPOS="453" VPOS="1091" CONTENT="ita">
              <Shape>
                <Polygon POINTS="453,1091 503,1091 503,1130 453,1130"/>
              </Shape>
            </String>
            <SP/>
            <String ID="region0006_line0010_word0002" HEIGHT="54" WIDTH="107" HPOS="514" VPOS="1088" CONTENT="genii">
              <Shape>
                <Polygon POINTS="514,1088 621,1088 621,1142 514,1142"/>
              </Shape>
            </String>
            <SP/>
            <String ID="region0006_line0010_word0003" HEIGHT="46" WIDTH="193" HPOS="632" VPOS="1085" CONTENT="coeleſtes">
              <Shape>
                <Polygon POINTS="632,1085 825,1085 825,1131 632,1131"/>
              </Shape>
            </String>
          </TextLine>
          <TextLine ID="region0006_line0011" HEIGHT="61" WIDTH="748" HPOS="78" VPOS="1141">
            <Shape>
              <Polygon POINTS="78,1141 826,1141 826,1202 78,1202"/>
            </Shape>
            <String ID="region0006_line0011_word0000" HEIGHT="44" WIDTH="83" HPOS="78" VPOS="1146" CONTENT="ſine">
              <Shape>
                <Polygon POINTS="78,1146 161,1146 161,1190 78,1190"/>
              </Shape>
            </String>
            <SP/>
            <String ID="region0006_line0011_word0001" HEIGHT="57" WIDTH="207" HPOS="181" VPOS="1145" CONTENT="diſpendio">
              <Shape>
                <Polygon POINTS="181,1145 388,1145 388,1202 181,1202"/>
              </Shape>
            </String>
            <SP/>
            <String ID="region0006_line0011_word0002" HEIGHT="54" WIDTH="200" HPOS="413" VPOS="1146" CONTENT="temporis">
              <Shape>
                <Polygon POINTS="413,1146 613,1146 613,1200 413,1200"/>
              </Shape>
            </String>
            <SP/>
            <String ID="region0006_line0011_word0003" HEIGHT="43" WIDTH="116" HPOS="638" VPOS="1141" CONTENT="facile">
              <Shape>
                <Polygon POINTS="638,1141 754,1141 754,1184 638,1184"/>
              </Shape>
            </String>
            <SP/>
            <String ID="region0006_line0011_word0004" HEIGHT="29" WIDTH="47" HPOS="779" VPOS="1153" CONTENT="o-">
              <Shape>
                <Polygon POINTS="779,1153 826,1153 826,1182 779,1182"/>
              </Shape>
            </String>
          </TextLine>
          <TextLine ID="region0006_line0012" HEIGHT="62" WIDTH="748" HPOS="79" VPOS="1196">
            <Shape>
              <Polygon POINTS="79,1196 827,1196 827,1258 79,1258"/>
            </Shape>
            <String ID="region0006_line0012_word0000" HEIGHT="42" WIDTH="110" HPOS="79" VPOS="1205" CONTENT="mnia">
              <Shape>
                <Polygon POINTS="79,1205 189,1205 189,1247 79,1247"/>
              </Shape>
            </String>
            <SP/>
            <String ID="region0006_line0012_word0001" HEIGHT="57" WIDTH="232" HPOS="212" VPOS="1201" CONTENT="pervolant:">
              <Shape>
                <Polygon POINTS="212,1201 444,1201 444,1258 212,1258"/>
              </Shape>
            </String>
            <SP/>
            <String ID="region0006_line0012_word0002" HEIGHT="42" WIDTH="51" HPOS="472" VPOS="1201" CONTENT="ſic">
              <Shape>
                <Polygon POINTS="472,1201 523,1201 523,1243 472,1243"/>
              </Shape>
            </String>
            <SP/>
            <String ID="region0006_line0012_word0003" HEIGHT="42" WIDTH="132" HPOS="539" VPOS="1201" CONTENT="anima">
              <Shape>
                <Polygon POINTS="539,1201 671,1201 671,1243 539,1243"/>
              </Shape>
            </String>
            <SP/>
            <String ID="region0006_line0012_word0004" HEIGHT="46" WIDTH="135" HPOS="692" VPOS="1196" CONTENT="noſtra">
              <Shape>
                <Polygon POINTS="692,1196 827,1196 827,1242 692,1242"/>
              </Shape>
            </String>
          </TextLine>
          <TextLine ID="region0006_line0013" HEIGHT="58" WIDTH="750" HPOS="78" VPOS="1255">
            <Shape>
              <Polygon POINTS="78,1255 828,1255 828,1313 78,1313"/>
            </Shape>
            <String ID="region0006_line0013_word0000" HEIGHT="41" WIDTH="134" HPOS="78" VPOS="1261" CONTENT="tota">
              <Shape>
                <Polygon POINTS="78,1261 212,1261 212,1302 78,1302"/>
              </Shape>
            </String>
            <SP/>
            <String ID="region0006_line0013_word0001" HEIGHT="58" WIDTH="40" HPOS="174" VPOS="1255" CONTENT="in">
              <Shape>
                <Polygon POINTS="214,1255 174,1255 174,1313 214,1313"/>
              </Shape>
            </String>
            <SP/>
            <String ID="region0006_line0013_word0002" HEIGHT="58" WIDTH="88" HPOS="235" VPOS="1255" CONTENT="omni">
              <Shape>
                <Polygon POINTS="323,1255 235,1255 235,1313 323,1313"/>
              </Shape>
            </String>
            <SP/>
            <String ID="region0006_line0013_word0003" HEIGHT="58" WIDTH="185" HPOS="353" VPOS="1255" CONTENT="corporis">
              <Shape>
                <Polygon POINTS="538,1255 353,1255 353,1313 538,1313"/>
              </Shape>
            </String>
            <SP/>
            <String ID="region0006_line0013_word0004" HEIGHT="46" WIDTH="115" HPOS="556" VPOS="1265" CONTENT="parte">
              <Shape>
                <Polygon POINTS="556,1265 671,1265 671,1311 556,1311"/>
              </Shape>
            </String>
            <SP/>
            <String ID="region0006_line0013_word0005" HEIGHT="40" WIDTH="135" HPOS="693" VPOS="1255" CONTENT="cenſe-">
              <Shape>
                <Polygon POINTS="693,1255 828,1255 828,1295 693,1295"/>
              </Shape>
            </String>
          </TextLine>
          <TextLine ID="region0006_line0014" HEIGHT="58" WIDTH="748" HPOS="77" VPOS="1311">
            <Shape>
              <Polygon POINTS="77,1311 825,1311 825,1369 77,1369"/>
            </Shape>
            <String ID="region0006_line0014_word0000" HEIGHT="36" WIDTH="80" HPOS="77" VPOS="1324" CONTENT="tur,">
              <Shape>
                <Polygon POINTS="77,1324 157,1324 157,1360 77,1360"/>
              </Shape>
            </String>
            <SP/>
            <String ID="region0006_line0014_word0001" HEIGHT="30" WIDTH="126" HPOS="185" VPOS="1329" CONTENT="nemo">
              <Shape>
                <Polygon POINTS="185,1329 311,1329 311,1359 185,1359"/>
              </Shape>
            </String>
            <SP/>
            <String ID="region0006_line0014_word0002" HEIGHT="51" WIDTH="136" HPOS="321" VPOS="1318" CONTENT="itaque">
              <Shape>
                <Polygon POINTS="321,1318 457,1318 457,1369 321,1369"/>
              </Shape>
            </String>
            <SP/>
            <String ID="region0006_line0014_word0003" HEIGHT="43" WIDTH="77" HPOS="470" VPOS="1326" CONTENT="pro">
              <Shape>
                <Polygon POINTS="470,1326 547,1326 547,1369 470,1369"/>
              </Shape>
            </String>
            <SP/>
            <String ID="region0006_line0014_word0004" HEIGHT="43" WIDTH="57" HPOS="557" VPOS="1311" CONTENT="rei">
              <Shape>
                <Polygon POINTS="557,1311 614,1311 614,1354 557,1354"/>
              </Shape>
            </String>
            <SP/>
            <String ID="region0006_line0014_word0005" HEIGHT="54" WIDTH="197" HPOS="628" VPOS="1312" CONTENT="magnitu-">
              <Shape>
                <Polygon POINTS="628,1312 825,1312 825,1366 628,1366"/>
              </Shape>
            </String>
          </TextLine>
          <TextLine ID="region0006_line0015" HEIGHT="58" WIDTH="749" HPOS="78" VPOS="1367">
            <Shape>
              <Polygon POINTS="78,1367 827,1367 827,1425 78,1425"/>
            </Shape>
            <String ID="region0006_line0015_word0000" HEIGHT="45" WIDTH="94" HPOS="78" VPOS="1370" CONTENT="dine">
              <Shape>
                <Polygon POINTS="78,1370 172,1370 172,1415 78,1415"/>
              </Shape>
            </String>
            <SP/>
            <String ID="region0006_line0015_word0001" HEIGHT="32" WIDTH="70" HPOS="194" VPOS="1383" CONTENT="aut">
              <Shape>
                <Polygon POINTS="194,1383 264,1383 264,1415 194,1415"/>
              </Shape>
            </String>
            <SP/>
            <String ID="region0006_line0015_word0002" HEIGHT="40" WIDTH="186" HPOS="290" VPOS="1375" CONTENT="muneris">
              <Shape>
                <Polygon POINTS="290,1375 476,1375 476,1415 290,1415"/>
              </Shape>
            </String>
            <SP/>
            <String ID="region0006_line0015_word0003" HEIGHT="58" WIDTH="196" HPOS="506" VPOS="1367" CONTENT="dignitate">
              <Shape>
                <Polygon POINTS="506,1367 702,1367 702,1425 506,1425"/>
              </Shape>
            </String>
            <SP/>
            <String ID="region0006_line0015_word0004" HEIGHT="41" WIDTH="92" HPOS="735" VPOS="1368" CONTENT="ſatis">
              <Shape>
                <Polygon POINTS="735,1368 827,1368 827,1409 735,1409"/>
              </Shape>
            </String>
          </TextLine>
          <TextLine ID="region0006_line0016" HEIGHT="51" WIDTH="752" HPOS="76" VPOS="1423">
            <Shape>
              <Polygon POINTS="76,1423 828,1423 828,1474 76,1474"/>
            </Shape>
            <String ID="region0006_line0016_word0000" HEIGHT="47" WIDTH="148" HPOS="76" VPOS="1427" CONTENT="Chriſti">
              <Shape>
                <Polygon POINTS="76,1427 224,1427 224,1474 76,1474"/>
              </Shape>
            </String>
            <SP/>
            <String ID="region0006_line0016_word0001" HEIGHT="46" WIDTH="174" HPOS="239" VPOS="1426" CONTENT="vindicis">
              <Shape>
                <Polygon POINTS="239,1426 413,1426 413,1472 239,1472"/>
              </Shape>
            </String>
            <SP/>
            <String ID="region0006_line0016_word0002" HEIGHT="45" WIDTH="132" HPOS="430" VPOS="1425" CONTENT="ſalutis">
              <Shape>
                <Polygon POINTS="430,1425 562,1425 562,1470 430,1470"/>
              </Shape>
            </String>
            <SP/>
            <String ID="region0006_line0016_word0003" HEIGHT="45" WIDTH="160" HPOS="574" VPOS="1423" CONTENT="noſtrae">
              <Shape>
                <Polygon POINTS="574,1423 734,1423 734,1468 574,1468"/>
              </Shape>
            </String>
            <SP/>
            <String ID="region0006_line0016_word0004" HEIGHT="42" WIDTH="77" HPOS="751" VPOS="1423" CONTENT="bo-">
              <Shape>
                <Polygon POINTS="751,1423 828,1423 828,1465 751,1465"/>
              </Shape>
            </String>
          </TextLine>
          <TextLine ID="region0006_line0017" HEIGHT="57" WIDTH="751" HPOS="76" VPOS="1484">
            <Shape>
              <Polygon POINTS="76,1484 827,1484 827,1541 76,1541"/>
            </Shape>
            <String ID="region0006_line0017_word0000" HEIGHT="44" WIDTH="168" HPOS="76" VPOS="1487" CONTENT="nitatem">
              <Shape>
                <Polygon POINTS="76,1487 244,1487 244,1531 76,1531"/>
              </Shape>
            </String>
            <SP/>
            <String ID="region0006_line0017_word0001" HEIGHT="51" WIDTH="189" HPOS="264" VPOS="1484" CONTENT="extollat:">
              <Shape>
                <Polygon POINTS="264,1484 453,1484 453,1535 264,1535"/>
              </Shape>
            </String>
            <SP/>
            <String ID="region0006_line0017_word0002" HEIGHT="55" WIDTH="68" HPOS="482" VPOS="1486" CONTENT="qui">
              <Shape>
                <Polygon POINTS="482,1486 550,1486 550,1541 482,1541"/>
              </Shape>
            </String>
            <SP/>
            <String ID="region0006_line0017_word0003" HEIGHT="42" WIDTH="156" HPOS="566" VPOS="1485" CONTENT="veritus">
              <Shape>
                <Polygon POINTS="566,1485 722,1485 722,1527 566,1527"/>
              </Shape>
            </String>
            <SP/>
            <String ID="region0006_line0017_word0004" HEIGHT="31" WIDTH="89" HPOS="738" VPOS="1493" CONTENT="ne">
              <Shape>
                <Polygon POINTS="738,1493 827,1493 827,1524 738,1524"/>
              </Shape>
            </String>
          </TextLine>
          <TextLine ID="region0006_line0018" HEIGHT="96" WIDTH="751" HPOS="76" VPOS="1541">
            <Shape>
              <Polygon POINTS="76,1541 827,1541 827,1637 76,1637"/>
            </Shape>
            <String ID="region0006_line0018_word0000" HEIGHT="44" WIDTH="42" HPOS="76" VPOS="1542" CONTENT="in">
              <Shape>
                <Polygon POINTS="76,1542 118,1542 118,1586 76,1586"/>
              </Shape>
            </String>
            <SP/>
            <String ID="region0006_line0018_word0001" HEIGHT="60" WIDTH="82" HPOS="126" VPOS="1541" CONTENT="hac">
              <Shape>
                <Polygon POINTS="126,1541 208,1541 208,1601 126,1601"/>
              </Shape>
            </String>
            <SP/>
            <String ID="region0006_line0018_word0002" HEIGHT="57" WIDTH="151" HPOS="225" VPOS="1542" CONTENT="militia">
              <Shape>
                <Polygon POINTS="225,1542 376,1542 376,1599 225,1599"/>
              </Shape>
            </String>
            <SP/>
            <String ID="region0006_line0018_word0003" HEIGHT="55" WIDTH="56" HPOS="384" VPOS="1544" CONTENT="&amp;">
              <Shape>
                <Polygon POINTS="384,1544 440,1544 440,1599 384,1599"/>
              </Shape>
            </String>
            <SP/>
            <String ID="region0006_line0018_word0004" HEIGHT="96" WIDTH="369" HPOS="458" VPOS="1541" CONTENT="11—19111">
              <Shape>
                <Polygon POINTS="458,1541 827,1541 827,1637 458,1637"/>
              </Shape>
            </String>
          </TextLine>
          <TextLine ID="region0006_line0019" HEIGHT="32" WIDTH="65" HPOS="761" VPOS="1605">
            <Shape>
              <Polygon POINTS="761,1605 826,1605 826,1637 761,1637"/>
            </Shape>
            <String ID="region0006_line0019_word0000" HEIGHT="32" WIDTH="65" HPOS="761" VPOS="1605" CONTENT="Mm-">
              <Shape>
                <Polygon POINTS="761,1605 826,1605 826,1637 761,1637"/>
              </Shape>
            </String>
          </TextLine>
        </TextBlock>
      </PrintSpace>
    </Page>
  </Layout>
</alto>
